"","score","text"
"1",0,"#FINALREPORT EXCLUSIVE: ‡§ú‡•ç‡§Ø‡•ã‡§§‡§ø‡§∑ ‡§ï‡•á ‡§Ü‡§à‡§®‡•á ‡§∏‡•á ‡§á‡§®‡§ï‡•á ‡§∏‡§∞ ‡§∏‡§ú‡•á‡§ó‡§æ #‡§¨‡§ø‡§π‡§æ‡§∞ ‡§ï‡§æ ‡§§‡§æ‡§ú - https://t.co/SdKdJf0Vlu
#Modi #Nitish #Lalu https://t.co/BtUJNng3PA"
"2",0,"Hayook sapa takut?  Mau panco. Duel atau apa nih? #Lalu pasang kuda kuda  https://t.co/WbgiyfPV3y"
"3",0,"RT @chhichhaledar: ‡§Ö‡§ó‡§∞ ‡§Ö‡§®‡§ø‡§≤ ‡§ï‡§™‡•Ç‡§∞ ‡§ú‡•Ä ‡§≤‡§æ‡§≤‡•Ç ‡§Ø‡§æ‡§¶‡§µ ‡§ï‡•á ‡§≠‡§æ‡§à ‡§π‡•ã‡§§‡•á ‡§§‡•ã ‡§â‡§®‡§ï‡§æ ‡§®‡§æ‡§Æ ‡§π‡•ã‡§§‡§æ ""‡§≠‡§æ‡§≤‡•Ç ‡§Ø‡§æ‡§¶‡§µ"" !!!!

#IfYouGetIt
#Bollywood
#lalu
#okbye"
"4",0,"RT @chhichhaledar: #AliaBhatt ‡§Ö‡§ó‡§∞ ‡§≤‡§æ‡§≤‡•Ç ‡§Ø‡§æ‡§¶‡§µ ‡§ï‡•Ä ‡§¨‡•á‡§ü‡•Ä ‡§π‡•ã‡§§‡•Ä ‡§§‡•ã ‡§â‡§∏‡§ï‡§æ ‡§®‡§æ‡§Æ ‡§π‡•ã‡§§‡§æ ""‡§Ü‡§≤‡•Ç ‡§Ø‡§æ‡§¶‡§µ"" ‡•§

#Shandaar 
#alia 
#Bollywood
#lalu #okbye
@aliaa08"
"5",0,"RT @chhichhaledar: ‡§Ö‡§ó‡§∞ ‡§Ö‡§®‡§ø‡§≤ ‡§ï‡§™‡•Ç‡§∞ ‡§ú‡•Ä ‡§≤‡§æ‡§≤‡•Ç ‡§Ø‡§æ‡§¶‡§µ ‡§ï‡•á ‡§≠‡§æ‡§à ‡§π‡•ã‡§§‡•á ‡§§‡•ã ‡§â‡§®‡§ï‡§æ ‡§®‡§æ‡§Æ ‡§π‡•ã‡§§‡§æ ""‡§≠‡§æ‡§≤‡•Ç ‡§Ø‡§æ‡§¶‡§µ"" !!!!

#IfYouGetIt
#Bollywood
#lalu
#okbye"
"6",0,"RT @chhichhaledar: #AliaBhatt ‡§Ö‡§ó‡§∞ ‡§≤‡§æ‡§≤‡•Ç ‡§Ø‡§æ‡§¶‡§µ ‡§ï‡•Ä ‡§¨‡•á‡§ü‡•Ä ‡§π‡•ã‡§§‡•Ä ‡§§‡•ã ‡§â‡§∏‡§ï‡§æ ‡§®‡§æ‡§Æ ‡§π‡•ã‡§§‡§æ ""‡§Ü‡§≤‡•Ç ‡§Ø‡§æ‡§¶‡§µ"" ‡•§

#Shandaar 
#alia 
#Bollywood
#lalu #okbye
@aliaa08"
"7",0,"RT @hiteshmalviya51: #Lalu ‡§ï‡•á ‡§¶‡•ã ‡§Ö‡§®‡§Æ‡•ã‡§≤ ‡§∞‡§§‡§®... ‡§è‡§ï ‡§Æ‡•à‡§ü‡•ç‡§∞‡§ø‡§ï ‡§´‡§º‡•á‡§≤ ‡§§‡•ã ‡§è‡§ï ‡§¨‡•Ä‡§è ‡§´‡§º‡•á‡§≤ Ì†ΩÌ∏ÇÌ†ΩÌ∏Ç 
#BiharWithBJP #NamoInspiresMe #ModiRajInBihar https://t.co‚Ä¶"
"8",0,"#BiharElections 2015: #JDU releases video of #Modi with jailed #Asaram - https://t.co/8kpOTzCAHu
#BJP #Nitish #Lalu https://t.co/fX5EAaQxBF"
"9",0,"#shameful  #dirtypolitics #Mahagadbandhan #Nitish #Lalu talking about religious reservation.. where are we... https://t.co/AbP3ljv6pN"
"10",0,"RT @hiteshmalviya51: #Lalu ‡§ï‡•á ‡§¶‡•ã ‡§Ö‡§®‡§Æ‡•ã‡§≤ ‡§∞‡§§‡§®... ‡§è‡§ï ‡§Æ‡•à‡§ü‡•ç‡§∞‡§ø‡§ï ‡§´‡§º‡•á‡§≤ ‡§§‡•ã ‡§è‡§ï ‡§¨‡•Ä‡§è ‡§´‡§º‡•á‡§≤ Ì†ΩÌ∏ÇÌ†ΩÌ∏Ç 
#BiharWithBJP #NamoInspiresMe #ModiRajInBihar https://t.co‚Ä¶"
"11",0,"#ECI notices to #AmitShah, #Rahul, #Lalu for breaching poll code in #Bihar
https://t.co/YSUHeRE1c1 https://t.co/8qtUYaCPpt"
"12",0,"#ECI notices to #AmitShah, #Rahul, #Lalu for breaching poll code in #Bihar
https://t.co/O4Kq3IpzYJ https://t.co/kwaGNSg3DA"
"13",0,"#ECI notices to #AmitShah, #Rahul, #Lalu for breaching poll code in #Bihar
https://t.co/M2D1C7gWo8 https://t.co/0c1A6m9h3d"
"14",0,"@JagranNews at least Mr. #shourie ko #Lalu ka level to pata hai."
"15",0,"RT @ITNlive: Will  #Nitish + #Lalu do a @ArvindKejriwal in #Bihar ? | #BiharElections / https://t.co/EXJQOqMJao https://t.co/qP9dJZr5oK"
"16",0,"RT @ITNlive: Will  #Nitish + #Lalu do a @ArvindKejriwal in #Bihar ? | #BiharElections / https://t.co/EXJQOqMJao https://t.co/qP9dJZr5oK"
"17",0,"Will  #Nitish + #Lalu do a @ArvindKejriwal in #Bihar ? | #BiharElections / https://t.co/EXJQOqMJao https://t.co/qP9dJZr5oK"
"18",0,"#Modi #says #Nitish and #Lalu 'protecting terrorists', #Sonia #must 'stop #lecturing‚Ä¶ https://t.co/OJBzkIcU86"
"19",0,"#BiharElection #NitsihKumar #Modi #Lalu
‡§Æ‡•ã‡§¶‡•Ä ‡§®‡•á ‡§¨‡•ã‡§≤‡§æ ‡§®‡•Ä‡§§‡•Ä‡§∂ ‡§ï‡•Å‡§Æ‡§æ‡§∞ ‡§™‡§∞ ‡§¨‡§°‡§º‡§æ ‡§π‡§Æ‡§≤‡§æ ‡§î‡§∞ ‡§ï‡§π‡§æ ‡§®‡•Ä‡§§‡•Ä‡§∂ ‡§ï‡•á ‡§ï‡§Ç‡§™‡•ç‡§Ø‡•Ç‡§ü‡§∞ ‡§Æ‡•á ""‡§≤‡§æ‡§≤‡•Ç""... https://t.co/2ZpqXEQeyX"
"20",0,"Sir @NitishKumar I wish U had fought alone.#Modi se itna pyar nahi jitna #lalu se darr hai :) #BiharPolls.How can u govern with #lalu ONside"
"21",0,"#India #PM #Modi #BihariWithModi #AccheDin #NDA #BJP #Bihar #BiharPolls #RSS #Patna #Lalu #Yadav #NitishKumar... https://t.co/KntDvsEBIF"
"22",0,"#India #PM #Modi #BihariWithModi #AccheDin #NDA #BJP #Bihar #BiharPolls #RSS #Patna #Lalu #Yadav #NitishKumar... https://t.co/174vf5mN4G"
"23",0,"#India #PM #Modi #BihariWithModi #AccheDin #NDA #BJP #Bihar #BiharPolls #RSS #Patna #Lalu #Yadav #NitishKumar... https://t.co/ltM1irHKwb"
"24",0,"RT @Manish_05Singh: @byadavbjp
I predict 130-140 seats for NDA and a fight in #mahagathbandhan between #Lalu and #NitishKumar over LeaderOf‚Ä¶"
"25",0,"RT @chhichhaledar: ‡§Ö‡§ó‡§∞ ‡§Ö‡§®‡§ø‡§≤ ‡§ï‡§™‡•Ç‡§∞ ‡§ú‡•Ä ‡§≤‡§æ‡§≤‡•Ç ‡§Ø‡§æ‡§¶‡§µ ‡§ï‡•á ‡§≠‡§æ‡§à ‡§π‡•ã‡§§‡•á ‡§§‡•ã ‡§â‡§®‡§ï‡§æ ‡§®‡§æ‡§Æ ‡§π‡•ã‡§§‡§æ ""‡§≠‡§æ‡§≤‡•Ç ‡§Ø‡§æ‡§¶‡§µ"" !!!!

#IfYouGetIt
#Bollywood
#lalu
#okbye"
"26",0,"RT @chhichhaledar: #AliaBhatt ‡§Ö‡§ó‡§∞ ‡§≤‡§æ‡§≤‡•Ç ‡§Ø‡§æ‡§¶‡§µ ‡§ï‡•Ä ‡§¨‡•á‡§ü‡•Ä ‡§π‡•ã‡§§‡•Ä ‡§§‡•ã ‡§â‡§∏‡§ï‡§æ ‡§®‡§æ‡§Æ ‡§π‡•ã‡§§‡§æ ""‡§Ü‡§≤‡•Ç ‡§Ø‡§æ‡§¶‡§µ"" ‡•§

#Shandaar 
#alia 
#Bollywood
#lalu #okbye
@aliaa08"
"27",0,"RT @chhichhaledar: #AliaBhatt ‡§Ö‡§ó‡§∞ ‡§≤‡§æ‡§≤‡•Ç ‡§Ø‡§æ‡§¶‡§µ ‡§ï‡•Ä ‡§¨‡•á‡§ü‡•Ä ‡§π‡•ã‡§§‡•Ä ‡§§‡•ã ‡§â‡§∏‡§ï‡§æ ‡§®‡§æ‡§Æ ‡§π‡•ã‡§§‡§æ ""‡§Ü‡§≤‡•Ç ‡§Ø‡§æ‡§¶‡§µ"" ‡•§

#Shandaar 
#alia 
#Bollywood
#lalu #okbye
@aliaa08"
"28",0,"RT @chhichhaledar: ‡§Ö‡§ó‡§∞ ‡§Ö‡§®‡§ø‡§≤ ‡§ï‡§™‡•Ç‡§∞ ‡§ú‡•Ä ‡§≤‡§æ‡§≤‡•Ç ‡§Ø‡§æ‡§¶‡§µ ‡§ï‡•á ‡§≠‡§æ‡§à ‡§π‡•ã‡§§‡•á ‡§§‡•ã ‡§â‡§®‡§ï‡§æ ‡§®‡§æ‡§Æ ‡§π‡•ã‡§§‡§æ ""‡§≠‡§æ‡§≤‡•Ç ‡§Ø‡§æ‡§¶‡§µ"" !!!!

#IfYouGetIt
#Bollywood
#lalu
#okbye"
"29",0,"Disheartened to witness such low grade election campaign in Bihar. The people deserve better. Both sides have failed the junta! #BJP #Lalu"
"30",0,"RT @chhichhaledar: #AliaBhatt ‡§Ö‡§ó‡§∞ ‡§≤‡§æ‡§≤‡•Ç ‡§Ø‡§æ‡§¶‡§µ ‡§ï‡•Ä ‡§¨‡•á‡§ü‡•Ä ‡§π‡•ã‡§§‡•Ä ‡§§‡•ã ‡§â‡§∏‡§ï‡§æ ‡§®‡§æ‡§Æ ‡§π‡•ã‡§§‡§æ ""‡§Ü‡§≤‡•Ç ‡§Ø‡§æ‡§¶‡§µ"" ‡•§

#Shandaar 
#alia 
#Bollywood
#lalu #okbye
@aliaa08"
"31",0,"RT @chhichhaledar: #AliaBhatt ‡§Ö‡§ó‡§∞ ‡§≤‡§æ‡§≤‡•Ç ‡§Ø‡§æ‡§¶‡§µ ‡§ï‡•Ä ‡§¨‡•á‡§ü‡•Ä ‡§π‡•ã‡§§‡•Ä ‡§§‡•ã ‡§â‡§∏‡§ï‡§æ ‡§®‡§æ‡§Æ ‡§π‡•ã‡§§‡§æ ""‡§Ü‡§≤‡•Ç ‡§Ø‡§æ‡§¶‡§µ"" ‡•§

#Shandaar 
#alia 
#Bollywood
#lalu #okbye
@aliaa08"
"32",0,"#edisi #tahun #lalu #judulnya #keterak #angin Ì†ΩÌ∏ùÌ†ΩÌ∏ù #2014 #april @ Shanghai, China https://t.co/ygQYnpu8Ai"
"33",-1,"On this day #Lalu daughter born, so got the name Misa. And this Misa has got visa to back her corrupt father. https://t.co/4s4zDdVizj"
"34",-2,"PM Narendra Modi steps up attack, accuses #nitish -#Lalu alliance of 'sheltering' #terrorists https://t.co/cDleeM1gZj"
"35",0,"RT @hiteshmalviya51: #Lalu ‡§ï‡•á ‡§¶‡•ã ‡§Ö‡§®‡§Æ‡•ã‡§≤ ‡§∞‡§§‡§®... ‡§è‡§ï ‡§Æ‡•à‡§ü‡•ç‡§∞‡§ø‡§ï ‡§´‡§º‡•á‡§≤ ‡§§‡•ã ‡§è‡§ï ‡§¨‡•Ä‡§è ‡§´‡§º‡•á‡§≤ Ì†ΩÌ∏ÇÌ†ΩÌ∏Ç 
#BiharWithBJP #NamoInspiresMe #ModiRajInBihar https://t.co‚Ä¶"
"36",1,"Who will win #BiharElections 2015? #BiharBattle #Bihar #‡§¨‡§ø‡§π‡§æ‡§∞‡§ö‡•Å‡§®‡§æ‡§µ Padma Shri Shourie #NitishKumar #Modi #Lalu #INC"
"37",0,"Halo mah
Halo sayang, eh abis dari pasar ya, kok bawa kelepon segala?
Mah, ini pacar aku, kenalin

#lalu"
"38",0,"‡§¶‡•á‡§∂ ‡§Æ‡•á‡§Ç ‡§Æ‡§®‡•ã‡§ö‡§ø‡§ï‡§ø‡§§‡•ç‡§∏‡§ï‡•ã‡§Ç ‡§ï‡•Ä ‡§®‡§Ø‡•Ä ‡§ñ‡•á‡§™ ‡§ï‡•Ä ‡§Ö‡§§‡§ø ‡§Ü‡§µ‡§∂‡•ç‡§Ø‡§ï‡§§‡§æ ‡§π‡•à..
#ArunShourie 
#Lalu 
#shatrudhansinha"
"39",0,"@ajaishukla Looters &amp; losers talking alike. Mental level can be understood if someone prefer #Lalu &amp; RaGa
Poor RedRabids and RaGaDarbari"
"40",0,"So, will #Lalu ji take retirement from #politics if he looses #BattlegroundBihar?"
"41",0,"RT @hiteshmalviya51: #Lalu ‡§ï‡•á ‡§¶‡•ã ‡§Ö‡§®‡§Æ‡•ã‡§≤ ‡§∞‡§§‡§®... ‡§è‡§ï ‡§Æ‡•à‡§ü‡•ç‡§∞‡§ø‡§ï ‡§´‡§º‡•á‡§≤ ‡§§‡•ã ‡§è‡§ï ‡§¨‡•Ä‡§è ‡§´‡§º‡•á‡§≤ Ì†ΩÌ∏ÇÌ†ΩÌ∏Ç 
#BiharWithBJP #NamoInspiresMe #ModiRajInBihar https://t.co‚Ä¶"
"42",0,"RT @Manish_05Singh: @byadavbjp
I predict 130-140 seats for NDA and a fight in #mahagathbandhan between #Lalu and #NitishKumar over LeaderOf‚Ä¶"
"43",0,"RT @hiteshmalviya51: #Lalu ‡§ï‡•á ‡§¶‡•ã ‡§Ö‡§®‡§Æ‡•ã‡§≤ ‡§∞‡§§‡§®... ‡§è‡§ï ‡§Æ‡•à‡§ü‡•ç‡§∞‡§ø‡§ï ‡§´‡§º‡•á‡§≤ ‡§§‡•ã ‡§è‡§ï ‡§¨‡•Ä‡§è ‡§´‡§º‡•á‡§≤ Ì†ΩÌ∏ÇÌ†ΩÌ∏Ç 
#BiharWithBJP #NamoInspiresMe #ModiRajInBihar https://t.co‚Ä¶"
"44",0,"RT @htrock88: #Aajtak #abpnews #ndtv #arvindkejriwal #Lalu #RahulGandhi #AkhileshMeansDevelopment #owasi 
This pic for you... https://t.co/‚Ä¶"
"45",0,"RT @hiteshmalviya51: #Lalu ‡§ï‡•á ‡§¶‡•ã ‡§Ö‡§®‡§Æ‡•ã‡§≤ ‡§∞‡§§‡§®... ‡§è‡§ï ‡§Æ‡•à‡§ü‡•ç‡§∞‡§ø‡§ï ‡§´‡§º‡•á‡§≤ ‡§§‡•ã ‡§è‡§ï ‡§¨‡•Ä‡§è ‡§´‡§º‡•á‡§≤ Ì†ΩÌ∏ÇÌ†ΩÌ∏Ç 
#BiharWithBJP #NamoInspiresMe #ModiRajInBihar https://t.co‚Ä¶"
"46",0,"RT @EconomicTimes: #Lalu-#Nitish ruled for 25 years, what did they give #Bihar?: PM #Modi at  #Darbhanga https://t.co/dHrQ4AduYr"
"47",0,"RT @Manish_05Singh: @byadavbjp
I predict 130-140 seats for NDA and a fight in #mahagathbandhan between #Lalu and #NitishKumar over LeaderOf‚Ä¶"
"48",0,"RT @Manish_05Singh: @byadavbjp
I predict 130-140 seats for NDA and a fight in #mahagathbandhan between #Lalu and #NitishKumar over LeaderOf‚Ä¶"
"49",0,"#ECI notices to #AmitShah, #Rahul, #Lalu for breaching poll code in #Bihar

 https://t.co/lw09buWScT https://t.co/KpQuWhtFav"
"50",0,"#ECI notices to #AmitShah, #Rahul, #Lalu for breaching poll code in #Bihar

 https://t.co/qjbEutxRsu https://t.co/ikdepuUejU"
"51",0,"#ECI notices to #AmitShah, #Rahul, #Lalu for breaching poll code in #Bihar

 https://t.co/H9OxpUaNwZ https://t.co/e9i6SM5I62"
"52",0,"Swag at USU #latepost #like4like #instapic #hunting #momment #adha #bulan #yang #lalu #swag #vevo‚Ä¶ https://t.co/Olc0SvOEI4"
"53",0,"@malviyamit @vijai63 
I predict 130-140 seats for NDA,
fight,insults traded in #mahagathbandhan between #Lalu, #NitishKumar post the result"
"54",-1,"#Lalu Prasad, Nitish Kumar responsible for #Bihar's backwardness: Rajnath #Singh https://t.co/v3RbqYE8cn https://t.co/NGsppskLm3"
"55",0,"@byadavbjp
I predict 130-140 seats for NDA and a fight in #mahagathbandhan between #Lalu and #NitishKumar over LeaderOfOppostion (LOP) post"
"56",0,"#Lalu - #Nitish win will spell doom for #Bihar says #PM #Modi https://t.co/lDYIZfS8tj"
"57",0,"RT @EconomicTimes: #Lalu-#Nitish ruled for 25 years, what did they give #Bihar?: PM #Modi at  #Darbhanga https://t.co/dHrQ4AduYr"
"58",0,"Vinaash kaale viprit buddhi....#Lalu  https://t.co/BGGw79SWSg"
"59",0,"@HMOIndia #LALU-BAIL-after, EC pulled up 4breaking-Law as Conditional Bail  4 #CHARA-CHOR  send him back 2jail @AmitShahOffice @dna"
"60",0,"#ECI notice to #AmitShah, #Rahul, #Lalu for breaching poll code
https://t.co/KpImTw1n1l"
"61",0,"RT @EconomicTimes: #Lalu-#Nitish ruled for 25 years, what did they give #Bihar?: PM #Modi at  #Darbhanga https://t.co/dHrQ4AduYr"
"62",0,"RT @EconomicTimes: #Lalu-#Nitish ruled for 25 years, what did they give #Bihar?: PM #Modi at  #Darbhanga https://t.co/dHrQ4AduYr"
"63",0,"RT @EconomicTimes: #Lalu-#Nitish ruled for 25 years, what did they give #Bihar?: PM #Modi at  #Darbhanga https://t.co/dHrQ4AduYr"
"64",0,"#Modi revealed: #Lalu-#Nitish pitched for minority quota at the cost of #Dalit in 2005."
"65",0,"RT @EconomicTimes: #Lalu-#Nitish ruled for 25 years, what did they give #Bihar?: PM #Modi at  #Darbhanga https://t.co/dHrQ4AduYr"
"66",0,"RT @EconomicTimes: #Lalu-#Nitish ruled for 25 years, what did they give #Bihar?: PM #Modi at  #Darbhanga https://t.co/dHrQ4AduYr"
"67",0,"Never seen #Nitish #Lalu #Rahul together nyc hit by our PM @narendramodi @BJP4India @BJP4bihar"
"68",1,"https://t.co/wPXh7c1huw #BiharPolls | #India has a right to ask for my report card in 2019, where's #Nitish, #Lalu's report?: PM narendram‚Ä¶"
"69",0,"RT @EconomicTimes: #Lalu-#Nitish ruled for 25 years, what did they give #Bihar?: PM #Modi at  #Darbhanga https://t.co/dHrQ4AduYr"
"70",0,"RT @EconomicTimes: #Lalu-#Nitish ruled for 25 years, what did they give #Bihar?: PM #Modi at  #Darbhanga https://t.co/dHrQ4AduYr"
"71",1,"#BiharPolls | #India has a right to ask for my report card in 2019, where's #Nitish, #Lalu's report?: PM @narendramodi"
"72",0,"#Lalu-#Nitish ruled for 25 years, what did they give #Bihar?: PM #Modi at  #Darbhanga https://t.co/DT9JYspFCE https://t.co/gufjBrNdNa"
"73",0,"RT @EconomicTimes: #Lalu-#Nitish ruled for 25 years, what did they give #Bihar?: PM #Modi at  #Darbhanga https://t.co/dHrQ4AduYr"
"74",0,"RT @EconomicTimes: #Lalu-#Nitish ruled for 25 years, what did they give #Bihar?: PM #Modi at  #Darbhanga https://t.co/dHrQ4AduYr"
"75",0,"#Lalu-#Nitish ruled for 25 years, what did they give #Bihar?: PM #Modi at  #Darbhanga https://t.co/dHrQ4AduYr"
"76",0,"ŸÖŸÑ⁄© ⁄©Ÿà ÿßÿ® ÿ™⁄© ÿ≥ÿ® ÿ≥€í ⁄Ü⁄æŸàŸπÿß ÿßŸàÿ± ÿßŸà⁄Ü⁄æÿß Ÿàÿ≤€åÿ±ÿßÿπÿ∏ŸÖ ŸÖŸÑÿß :ŸÑÿßŸÑŸà
#LALU ##TWITTER
Read more at... https://t.co/3M1HKN1kkF"
"77",0,"#Lalu, #Nitish sought religion quotas in 2005, says PM #NarendraModi 
https://t.co/OLz3j2l1ED"
"78",0,"RT @hiteshmalviya51: #Lalu ‡§ï‡•á ‡§¶‡•ã ‡§Ö‡§®‡§Æ‡•ã‡§≤ ‡§∞‡§§‡§®... ‡§è‡§ï ‡§Æ‡•à‡§ü‡•ç‡§∞‡§ø‡§ï ‡§´‡§º‡•á‡§≤ ‡§§‡•ã ‡§è‡§ï ‡§¨‡•Ä‡§è ‡§´‡§º‡•á‡§≤ Ì†ΩÌ∏ÇÌ†ΩÌ∏Ç 
#BiharWithBJP #NamoInspiresMe #ModiRajInBihar https://t.co‚Ä¶"
"79",0,"RT @hiteshmalviya51: #Lalu ‡§ï‡•á ‡§¶‡•ã ‡§Ö‡§®‡§Æ‡•ã‡§≤ ‡§∞‡§§‡§®... ‡§è‡§ï ‡§Æ‡•à‡§ü‡•ç‡§∞‡§ø‡§ï ‡§´‡§º‡•á‡§≤ ‡§§‡•ã ‡§è‡§ï ‡§¨‡•Ä‡§è ‡§´‡§º‡•á‡§≤ Ì†ΩÌ∏ÇÌ†ΩÌ∏Ç 
#BiharWithBJP #NamoInspiresMe #ModiRajInBihar https://t.co‚Ä¶"
"80",0,"RT @hiteshmalviya51: #Lalu ‡§ï‡•á ‡§¶‡•ã ‡§Ö‡§®‡§Æ‡•ã‡§≤ ‡§∞‡§§‡§®... ‡§è‡§ï ‡§Æ‡•à‡§ü‡•ç‡§∞‡§ø‡§ï ‡§´‡§º‡•á‡§≤ ‡§§‡•ã ‡§è‡§ï ‡§¨‡•Ä‡§è ‡§´‡§º‡•á‡§≤ Ì†ΩÌ∏ÇÌ†ΩÌ∏Ç 
#BiharWithBJP #NamoInspiresMe #ModiRajInBihar https://t.co‚Ä¶"
"81",0,"RT @hiteshmalviya51: #Lalu ‡§ï‡•á ‡§¶‡•ã ‡§Ö‡§®‡§Æ‡•ã‡§≤ ‡§∞‡§§‡§®... ‡§è‡§ï ‡§Æ‡•à‡§ü‡•ç‡§∞‡§ø‡§ï ‡§´‡§º‡•á‡§≤ ‡§§‡•ã ‡§è‡§ï ‡§¨‡•Ä‡§è ‡§´‡§º‡•á‡§≤ Ì†ΩÌ∏ÇÌ†ΩÌ∏Ç 
#BiharWithBJP #NamoInspiresMe #ModiRajInBihar https://t.co‚Ä¶"
"82",0,"EC showcause to #Lalu Prasad saying u have done this twice, reply by 4th November https://t.co/fAUCBXSJgP"
"83",0,"PM #Modi lashes out at #Lalu, #Nitish; lauds women for fighting against Jungle Raj - https://t.co/r6k31XM54t"
"84",0,"#Lalu ‡§ú‡•Ä #Modi ‡§ú‡•Ä ‡§ï‡•á ‡§π‡§æ‡§Å‡§•‡•ã ‡§Æ‡•á ‡§¶‡•á‡§∂,‡§∏‡§Ç‡§µ‡§ø‡§ß‡§æ‡§® ‡§¶‡•ã‡§®‡•ã ‡§∏‡•Å‡§∞‡§ï‡•ç‡§∑‡§ø‡§§ ‡§π‡•à ‡§∏‡•Å‡§∞‡§ï‡•ç‡§∑‡§æ ‡§ï‡§æ ‡§Ü‡§≠‡§æ‡§µ ‡§â‡§®‡§ï‡•ã ‡§π‡•à ‡§ú‡•ã ‡§¶‡•á‡§∂ ‡§ï‡•á ‡§µ‡§ø‡§ï‡§æ‡§∏ ‡§ï‡•Ä ‡§ú‡§ó‡§π ‡§∏‡•ç‡§µ‡§Æ: ‡§ï‡§æ ‡§µ‡§ø‡§ï‡§æ‡§∏ ‡§ö‡§π‡§§‡•á ‡§π‡•à #Bihar"
"85",3,"Victory, Defeat in #BiharPolls #PM -Stronger, lil weakened moves on.. #Nitish - defacto Mr. Bihar, over &amp; out #Lalu - Kingmaker, history"
"86",0,"#Aajtak #abpnews #ndtv #arvindkejriwal #Lalu #RahulGandhi #AkhileshMeansDevelopment #owasi 
This pic for you... https://t.co/YMcUcDrDYN"
"87",0,"RT @EconomicTimes: #Nitish-#Lalu together sought religion-based quotas in 2005: PM #Modi https://t.co/Tb1oJgI0mI https://t.co/jPWqVOhVHD"
"88",0,"RT @EconomicTimes: #Nitish-#Lalu together sought religion-based quotas in 2005: PM #Modi https://t.co/Tb1oJgI0mI https://t.co/jPWqVOhVHD"
"89",0,"RT @EconomicTimes: #Nitish-#Lalu together sought religion-based quotas in 2005: PM #Modi https://t.co/Tb1oJgI0mI https://t.co/jPWqVOhVHD"
"90",0,"RT @EconomicTimes: #Nitish-#Lalu together sought religion-based quotas in 2005: PM #Modi https://t.co/Tb1oJgI0mI https://t.co/jPWqVOhVHD"
"91",0,"RT @EconomicTimes: #Nitish-#Lalu together sought religion-based quotas in 2005: PM #Modi https://t.co/Tb1oJgI0mI https://t.co/jPWqVOhVHD"
"92",0,"‡≤Ö‡≤Æ‡≤ø‡≤§‡≥ç ‡≤∂‡≤æ, ‡≤∞‡≤æ‡≤π‡≥Å‡≤≤‡≥ç ‡≤ó‡≤æ‡≤Ç‡≤ß‡≤ø, ‡≤≤‡≤æ‡≤≤‡≥Å‡≤ó‡≥Ü ‡≤®‡≥ã‡≤ü‡≤ø‡≤∏‡≥ç - https://t.co/PLsJoELO5e
#amit shaw #Lalu prasad yadav Amit Shah https://t.co/mmdmIqE358"
"93",1,"@sunnykrishi and its quite evident wht so called secular grand alliance is going to do with future of bihar. With so literate son of #lalu."
"94",0,"#Lalu ji ruled for 15 years,Chhota bhai ruled for 10 years: PM #NarendraModi https://t.co/m971vpz961"
"95",-1,"To hamper progrs-unity led by @narendramodi @BJP4India @AmitShah in India ..Dumb pol come 2gdr #Sonia #Rahul #Lalu #Nitish @ArvindKejriwal"
"96",-2,"The 15 years #Lalu rule in #Bihar very similar to 21 years corrupt Murderous #comrade  rule in Bengal"
"97",-1,"@aajtak Below the belt attack, Kya baat hai #Lalu ji"
"98",0,"‡§Ö‡§Æ‡§ø‡§§ ‡§∂‡§æ‡§π, ‡§≤‡§æ‡§≤‡•Ç ‡§î‡§∞ ‡§∞‡§æ‡§π‡•Å‡§≤ ‡§ï‡•ã ‡§ö‡•Å‡§®‡§æ‡§µ ‡§Ü‡§Ø‡•ã‡§ó ‡§ï‡§æ ‡§®‡•ã‡§ü‡§ø‡§∏ #AmitShah #Lalu #RahulGandhi #voting @WMI_Hindi"
"99",0,"RT @hiteshmalviya51: #Lalu ‡§ï‡•á ‡§¶‡•ã ‡§Ö‡§®‡§Æ‡•ã‡§≤ ‡§∞‡§§‡§®... ‡§è‡§ï ‡§Æ‡•à‡§ü‡•ç‡§∞‡§ø‡§ï ‡§´‡§º‡•á‡§≤ ‡§§‡•ã ‡§è‡§ï ‡§¨‡•Ä‡§è ‡§´‡§º‡•á‡§≤ Ì†ΩÌ∏ÇÌ†ΩÌ∏Ç 
#BiharWithBJP #NamoInspiresMe #ModiRajInBihar https://t.co‚Ä¶"
"100",-1,"Rampant #illiteracy proof of #Lalu - #Nitish‚Äôs misdeeds in #Bihar: PM #Modi - https://t.co/6uLaNbuGjU
#BJP #RJD #JDU https://t.co/ADKb8yrVjf"
"101",-1,"#BiharPolls 2015: #Giriraj slams #Lalu, #Nitish for challenging PM #Modi for debate - https://t.co/SHwJsFPzgX https://t.co/lDoVtCLpoP"
"102",0,"Manfaat empedu domba https://t.co/UfuA51ElRj  #bawangmerah #lalu #mampu #telinga #tiga"
"103",0,"RT @EconomicTimes: #Nitish-#Lalu together sought religion-based quotas in 2005: PM #Modi https://t.co/xYpwZjXdsK"
"104",0,"RT @EconomicTimes: #Nitish-#Lalu together sought religion-based quotas in 2005: PM #Modi https://t.co/Tb1oJgI0mI https://t.co/jPWqVOhVHD"
"105",0,"RT @caknawa: Satu Ilmu Jangan Pada Ganggu Yah ..?

Kenapa Pada Sewot Sih, Kalian Semua Kan Juga Suka Narsis Dan Selfi #Lalu... https://t.co‚Ä¶"
"106",0,"Satu Ilmu Jangan Pada Ganggu Yah ..?

Kenapa Pada Sewot Sih, Kalian Semua Kan Juga Suka Narsis Dan Selfi #Lalu... https://t.co/OBiehMhkQC"
"107",0,"RT @EconomicTimes: #Nitish-#Lalu together sought religion-based quotas in 2005: PM #Modi https://t.co/Tb1oJgI0mI https://t.co/jPWqVOhVHD"
"108",0,"Jawab dedengey :#Lalu Prasad Yadav on #EC notice to him for violating #MCC #BiharPolls 
@laluprasadrjd #RJD https://t.co/l8tmMVVA0F"
"109",0,"RT @thatsTamil: ‡ÆÆ‡Øã‡Æü‡Æø ‡ÆÆ‡Æ©‡Æï‡Øç‡Æï‡ØÅ‡Æ∞‡ØÅ‡Æü‡ØÅ, ‡Æä‡ÆÆ‡Øà, ‡Æö‡ØÜ‡Æµ‡Æø‡Æü‡ØÅ: ‡Æ≤‡Ææ‡Æ≤‡ØÅ‡Æµ‡Æø‡Æ©‡Øç ‡ÆÆ‡Æï‡Æ©‡Øç ‡Æï‡Æü‡ØÅ‡ÆÆ‡Øç ‡Æö‡Ææ‡Æü‡Æ≤‡Øç  https://t.co/mJWak2zRDK #Lalu"
"110",0,"#Nitish-#Lalu together sought religion-based quotas in 2005: PM #Modi ‚Ä¶ https://t.co/1WTiNxhyR3 https://t.co/XwfotooaRh"
"111",0,"RT @EconomicTimes: #Nitish-#Lalu together sought religion-based quotas in 2005: PM #Modi https://t.co/Tb1oJgI0mI https://t.co/jPWqVOhVHD"
"112",0,"‡ÆÆ‡Øã‡Æü‡Æø ‡ÆÆ‡Æ©‡Æï‡Øç‡Æï‡ØÅ‡Æ∞‡ØÅ‡Æü‡ØÅ, ‡Æä‡ÆÆ‡Øà, ‡Æö‡ØÜ‡Æµ‡Æø‡Æü‡ØÅ: ‡Æ≤‡Ææ‡Æ≤‡ØÅ‡Æµ‡Æø‡Æ©‡Øç ‡ÆÆ‡Æï‡Æ©‡Øç ‡Æï‡Æü‡ØÅ‡ÆÆ‡Øç ‡Æö‡Ææ‡Æü‡Æ≤‡Øç  https://t.co/mJWak2zRDK #Lalu"
"113",0,"Iya kali ya om... Kira2 sejak kpn ya om mereka jadian. #Lalu ngajakin om ijo berhosip  https://t.co/80rAL3Z3xb"
"114",0,"RT @EconomicTimes: #Nitish-#Lalu together sought religion-based quotas in 2005: PM #Modi https://t.co/Tb1oJgI0mI https://t.co/jPWqVOhVHD"
"115",0,"RT @EconomicTimes: #Nitish-#Lalu together sought religion-based quotas in 2005: PM #Modi https://t.co/Tb1oJgI0mI https://t.co/jPWqVOhVHD"
"116",0,"RT @EconomicTimes: #Nitish-#Lalu together sought religion-based quotas in 2005: PM #Modi https://t.co/Tb1oJgI0mI https://t.co/jPWqVOhVHD"
"117",0,"RT @EconomicTimes: #Nitish-#Lalu together sought religion-based quotas in 2005: PM #Modi https://t.co/Tb1oJgI0mI https://t.co/jPWqVOhVHD"
"118",0,"RT @EconomicTimes: #Nitish-#Lalu together sought religion-based quotas in 2005: PM #Modi https://t.co/Tb1oJgI0mI https://t.co/jPWqVOhVHD"
"119",0,"RT @EconomicTimes: #Nitish-#Lalu together sought religion-based quotas in 2005: PM #Modi https://t.co/Tb1oJgI0mI https://t.co/jPWqVOhVHD"
"120",0,"#Nitish-#Lalu together sought religion-based quotas in 2005: PM #Modi https://t.co/Tb1oJgI0mI https://t.co/jPWqVOhVHD"
"121",1,"Who is winning #BiharElections 2015? #BiharPolls #Modi #NitishKumar #Lalu #BJP #JDU #RJD #Congress"
"122",0,"RT @EconomicTimes: #Nitish-#Lalu together sought religion-based quotas in 2005: PM #Modi https://t.co/xYpwZjXdsK"
"123",0,"RT @EconomicTimes: #Nitish-#Lalu together sought religion-based quotas in 2005: PM #Modi https://t.co/xYpwZjXdsK"
"124",0,"RT @EconomicTimes: #Nitish-#Lalu together sought religion-based quotas in 2005: PM #Modi https://t.co/xYpwZjXdsK"
"125",0,"RT @EconomicTimes: #Nitish-#Lalu together sought religion-based quotas in 2005: PM #Modi https://t.co/xYpwZjXdsK"
"126",0,"RT @EconomicTimes: #Nitish-#Lalu together sought religion-based quotas in 2005: PM #Modi https://t.co/xYpwZjXdsK"
"127",0,"RT @IndiaToday: MUST WATCH | @narendramodi, #Lalu in a musical fight over #Bihar elections

https://t.co/xVFdBLc12S https://t.co/zj5racJ632"
"128",0,"RT @EconomicTimes: #Nitish-#Lalu together sought religion-based quotas in 2005: PM #Modi https://t.co/xYpwZjXdsK"
"129",0,"RT @EconomicTimes: #Nitish-#Lalu together sought religion-based quotas in 2005: PM #Modi https://t.co/xYpwZjXdsK"
"130",1,"RT @ganeshmahnar: Talk to senior RJD leader of Vaishali District, says if Tejashwi and Tej Pratap wins, means RJD Won Bihar election. Doubt‚Ä¶"
"131",0,"#Lalu, Nitish sought religion quotas in 2005, says PM Narendra Modi #jobs #money #work #: In another attempt a... https://t.co/M3Y59y2Kug"
"132",2,"Talk to senior RJD leader of Vaishali District, says if Tejashwi and Tej Pratap wins, means RJD Won Bihar election. Doubtful #Lalu son win"
"133",0,"RT @EconomicTimes: #Nitish-#Lalu together sought religion-based quotas in 2005: PM #Modi https://t.co/xYpwZjXdsK"
"134",0,"RT @EconomicTimes: #Nitish-#Lalu together sought religion-based quotas in 2005: PM #Modi https://t.co/xYpwZjXdsK"
"135",0,"RT @EconomicTimes: #Nitish-#Lalu together sought religion-based quotas in 2005: PM #Modi https://t.co/xYpwZjXdsK"
"136",0,"#ElectionCommission #showcause #notices to #RahulGandhi, #Lalu https://t.co/v5lVBy9WW1 https://t.co/fCsmpD3oXo"
"137",0,"RT @EconomicTimes: #Nitish-#Lalu together sought religion-based quotas in 2005: PM #Modi https://t.co/xYpwZjXdsK"
"138",0,"RT @EconomicTimes: #Nitish-#Lalu together sought religion-based quotas in 2005: PM #Modi https://t.co/xYpwZjXdsK"
"139",0,"RT @EconomicTimes: #Nitish-#Lalu together sought religion-based quotas in 2005: PM #Modi https://t.co/xYpwZjXdsK"
"140",0,"#Nitish-#Lalu together sought religion-based quotas in 2005: PM #Modi https://t.co/HMAtdIBOS3 https://t.co/DpyudRCK9S"
"141",0,"RT @EconomicTimes: #Nitish-#Lalu together sought religion-based quotas in 2005: PM #Modi https://t.co/xYpwZjXdsK"
"142",0,"RT @EconomicTimes: #Nitish-#Lalu together sought religion-based quotas in 2005: PM #Modi https://t.co/xYpwZjXdsK"
"143",0,"RT @Aneela_Nadar: This is Tit for Tat #Lalu ishtyle !!
#ModiBhagaoNitishJeetao 
#ModiBhagaoDeshBachao 
@Iffidel @gops333 @aawara_aatma http‚Ä¶"
"144",0,"#Nitish-#Lalu together sought religion-based quotas in 2005: PM #Modi https://t.co/xYpwZjXdsK"
"145",-1,"Sworn #enemies r now friends....#Lalu a #convicted #criminal...sez it all... https://t.co/rKpdRm2r6i"
"146",0,"RT @Aneela_Nadar: This is Tit for Tat #Lalu ishtyle !!
#ModiBhagaoNitishJeetao 
#ModiBhagaoDeshBachao 
@Iffidel @gops333 @aawara_aatma http‚Ä¶"
"147",0,"RT @Aneela_Nadar: This is Tit for Tat #Lalu ishtyle !!
#ModiBhagaoNitishJeetao 
#ModiBhagaoDeshBachao 
@Iffidel @gops333 @aawara_aatma http‚Ä¶"
"148",0,"RT @Aneela_Nadar: This is Tit for Tat #Lalu ishtyle !!
#ModiBhagaoNitishJeetao 
#ModiBhagaoDeshBachao 
@Iffidel @gops333 @aawara_aatma http‚Ä¶"
"149",0,"Yes, Now Tearless Onion in Market
https://t.co/4C0HG7OT1M 
https://t.co/3c8kLvKd1X
 #socialmedia #startup #bjp #rjd #jdu #lalu #nitish #aap"
"150",0,"#BiharElection #Lalu #Modi
‡§Æ‡•ã‡§¶‡•Ä ‡§®‡•á ‡§Æ‡§π‡§ø‡§≤‡§æ‡§ì‡§Ç ‡§ï‡§æ ‡§Ö‡§™‡§Æ‡§æ‡§® ‡§ï‡§ø‡§Ø‡§æ ‡§π‡•à ‡§î‡§∞  ‡§Æ‡•ã‡§¶‡•Ä ‡§ú‡•Ä ‡§™‡§¶ ‡§ï‡•Ä ‡§ó‡§∞‡§ø‡§Æ‡§æ ‡§ï‡§æ ‡§ß‡•ç‡§Ø‡§æ‡§® ‡§∞‡§ñ‡•ã - ‡§≤‡§æ‡§≤‡•Ç ‡§Ø‡§æ‡§¶‡§µ... https://t.co/v35jVuWwKW"
"151",0,"#Modi #Lalu #BiharElection
‡§ù‡•Ç‡§† ‡§ï‡•Ä ‡§∞‡•ã‡§ü‡•Ä ‡§∏‡•á ‡§™‡•Ç‡§∞‡•á ‡§¶‡•á‡§∂ ‡§ï‡§æ ‡§™‡•á‡§ü ‡§≠‡§∞ ‡§∏‡§ï‡§§‡•á ‡§π‡•à‡§Ç ‡§Æ‡•ã‡§¶‡•Ä : ‡§≤‡§æ‡§≤‡•Ç... https://t.co/QXcVzcgrTA"
"152",0,"#Modi #Lalu #BiharElection
‡§≤‡§æ‡§≤‡•Ç ‡§ï‡§æ PM Modi ‡§™‡§∞ ‡§¨‡§°‡§º‡§æ ‡§π‡§Æ‡§≤‡§æ,‡§ï‡§π‡§æ ‡§Æ‡•à‡§Ç ‡§¨‡§ø‡§π‡§æ‡§∞ ‡§ï‡§æ ‡§∂‡•à‡§§‡§æ‡§® ‡§§‡•ã ‡§µ‡§π ‡§ó‡•Å‡§ú‡§∞‡§æ‡§§ ‡§ï‡§æ ‡§¨‡•ç‡§∞‡§π‡•ç‡§Æ ‡§™‡§ø‡§ö‡§æ‡§∂... https://t.co/kvqhmeJPZd"
"153",0,"#BiharElection #NitsihKumar #Modi #Lalu
‡§Æ‡•ã‡§¶‡•Ä ‡§®‡•á ‡§¨‡•ã‡§≤‡§æ ‡§®‡•Ä‡§§‡•Ä‡§∂ ‡§ï‡•Å‡§Æ‡§æ‡§∞ ‡§™‡§∞ ‡§¨‡§°‡§º‡§æ ‡§π‡§Æ‡§≤‡§æ ‡§î‡§∞ ‡§ï‡§π‡§æ ‡§®‡•Ä‡§§‡•Ä‡§∂ ‡§ï‡•á ‡§ï‡§Ç‡§™‡•ç‡§Ø‡•Ç‡§ü‡§∞ ‡§Æ‡•á ""‡§≤‡§æ‡§≤‡•Ç""... https://t.co/umvlfImyak"
"154",0,"‡§ó‡§æ‡§Ø ‡§ï‡•ã ‡§≠‡§æ‡§∞‡§§ ‡§Æ‡•á‡§Ç ‡§Æ‡§æ‡§Å ‡§ï‡§π‡§®‡•á ‡§ï‡•Ä ‡§™‡§∞‡§Ç‡§™‡§∞‡§æ ‡§∂‡§æ‡§Ø‡§¶ ‡§á‡§∏‡•Ä‡§≤‡§ø‡§è ‡§π‡•à,‡§∏‡§Æ‡•ç‡§™‡§®‡•ç‡§®‡§§‡§æ ‡§ï‡•á ‡§ï‡•ç‡§∑‡§£ ‡§Æ‡•á‡§Ç ‡§¶‡•Ç‡§ß ‡§ï‡•á ‡§≤‡§ø‡§è,‡§∏‡§Ç‡§ï‡§ü ‡§ï‡•á ‡§ï‡•ç‡§∑‡§£ ‡§Æ‡•á‡§Ç ‡§Æ‡§æ‡§Ç‡§∏ ‡§ï‡•á ‡§≤‡§ø‡§Ø #Lalu ‡§ï‡•ã ‡§≠‡•Ä ‡§∏‡§Ç‡§ï‡§ü ‡§Æ‡•á‡§Ç ‡§ó‡•ã‡§Æ‡§æ‡§Ç‡§∏"
"155",0,"""‡§Ö‡§∞‡•ç‡§•‡§∂‡§æ‡§∏‡•ç‡§§‡•ç‡§∞ ‡§ú‡§¨ ‡§ß‡§∞‡•ç‡§Æ‡§∂‡§æ‡§∏‡•ç‡§§‡•ç‡§∞ ‡§ï‡•á ‡§ä‡§™‡§∞ ‡§ö‡•ù ‡§¨‡•à‡§†‡§§‡§æ ‡§π‡•à, ‡§§‡§¨ ‡§ó‡•å‡§∞‡§ï‡•ç‡§∑‡§æ ‡§Ü‡§Ç‡§¶‡•ã‡§≤‡§® ‡§ï‡•á ‡§®‡•á‡§§‡§æ ‡§ú‡•Ç‡§§‡•ã‡§Ç ‡§ï‡•Ä ‡§¶‡•Ç‡§ï‡§æ‡§® ‡§ñ‡•ã‡§≤ ‡§≤‡•á‡§§‡•á ‡§π‡•à‡§Ç"", ‡§π‡§∞‡§ø‡§∂‡§Ç‡§ï‡§∞ ‡§™‡§∞‡§∏‡§æ‡§à ‡§ï‡•Ä ‡§¨‡§æ‡§§‡•á‡§Ç #Lalu ‡§ï‡•á ‡§≤‡§ø‡§Ø"
"156",0,"‡§ú‡§ø‡§∏ #Lalu ‡§®‡•á‡§Ç ‡§ó‡•ã‡§™‡§æ‡§≤‡§ï, ‡§ó‡•ã‡§∞‡§ï‡•ç‡§∑‡§ï, ‡•ß‡•¶‡•¶‡•¶ ‡§ó‡§æ‡§Ø‡•á‡§Ç ‡§≤‡§æ‡§≤‡•Ç ‡§ï‡•Ä ‡§ó‡•ã‡§∂‡§æ‡§≤‡§æ ‡§Æ‡•á‡§Ç ‡§â‡§¶‡•ç‡§ò‡•ã‡§∑ ‡§¶‡•ç‡§µ‡§æ‡§∞‡§æ ‡§¨‡§ø‡§π‡§æ‡§∞ ‡§ï‡•Ä ‡§ú‡§®‡§§‡§æ ‡§ï‡•ã ‡§¨‡•á‡§µ‡•ò‡•Ç‡•û ‡§∏‡§æ‡§≤‡•ã‡§Ç ‡§§‡§ï ‡§¨‡§®‡§æ‡§Ø‡§æ - ‡§Ü‡§ú ‡§â‡§∏‡•Ä ‡§ó‡§æ‡§Ø ‡§ï‡•ã ‡§ñ‡§æ‡§®‡•á ‡§ï‡•Ä"
"157",0,"RT @ganeshmahnar: #Lalu again https://t.co/eqdpRXXfj7"
"158",0,"#EC notices to #Shah, Rahul and #Lalu for remarks violating poll code https://t.co/4lD8Um51Es"
"159",-1,"#BiharPolls: EC Issues Showcause Notice To #AmitShah, #RahulGandhi &amp; #Lalu |READ| https://t.co/Z22iLEq7XF https://t.co/4nHoIrX1wH"
"160",-1,"Listening to @narendramodi's speech at #Katihar.....Oh Boy !! He is absolutely ruthless against #Nitsh, #Lalu and their #Durbaris !!!"
"161",0,"RT @hiteshmalviya51: #Lalu ‡§ï‡•á ‡§¶‡•ã ‡§Ö‡§®‡§Æ‡•ã‡§≤ ‡§∞‡§§‡§®... ‡§è‡§ï ‡§Æ‡•à‡§ü‡•ç‡§∞‡§ø‡§ï ‡§´‡§º‡•á‡§≤ ‡§§‡•ã ‡§è‡§ï ‡§¨‡•Ä‡§è ‡§´‡§º‡•á‡§≤ Ì†ΩÌ∏ÇÌ†ΩÌ∏Ç 
#BiharWithBJP #NamoInspiresMe #ModiRajInBihar https://t.co‚Ä¶"
"162",0,"#EC sends notice to #AmitShah, #Lalu and #RahulGandhi"
"163",0,"RT @sa_saket: ‡§®‡•Ä‡§§‡•Ä‡§∂ ‡§ï‡•ã CM ‡§ï‡•à‡§Ç‡§°‡§ø‡§°‡•á‡§ü ‡§®‡§π‡•Ä‡§Ç ‡§¨‡§®‡§æ‡§®‡§æ ‡§ö‡§æ‡§π‡§§‡•á ‡§•‡•á ‡§≤‡§æ‡§≤‡•Ç- ‡§Æ‡•Å‡§≤‡•ç‡§≤‡§æ‡§Ø‡§Æ,
‡§Ø‡•á ‡§¶‡•á‡§ñ‡§ø‡§è ‡§ö‡§æ‡§∞‡§æ ‡§ö‡•ã‡§∞ #Lalu ‡§ï‡•á ‡§∏‡§Æ‡§ß‡•Ä ‡§®‡•á ‡§π‡•Ä ‡§â‡§∏‡§ï‡•Ä ‡§ß‡•ã‡§§‡•Ä ‡§ñ‡•ã‡§≤ ‡§¶‡•Ä #BJPWinningBi‚Ä¶"
"164",0,"‡§®‡•Ä‡§§‡•Ä‡§∂ ‡§ï‡•ã CM ‡§ï‡•à‡§Ç‡§°‡§ø‡§°‡•á‡§ü ‡§®‡§π‡•Ä‡§Ç ‡§¨‡§®‡§æ‡§®‡§æ ‡§ö‡§æ‡§π‡§§‡•á ‡§•‡•á ‡§≤‡§æ‡§≤‡•Ç- ‡§Æ‡•Å‡§≤‡•ç‡§≤‡§æ‡§Ø‡§Æ,
‡§Ø‡•á ‡§¶‡•á‡§ñ‡§ø‡§è ‡§ö‡§æ‡§∞‡§æ ‡§ö‡•ã‡§∞ #Lalu ‡§ï‡•á ‡§∏‡§Æ‡§ß‡•Ä ‡§®‡•á ‡§π‡•Ä ‡§â‡§∏‡§ï‡•Ä ‡§ß‡•ã‡§§‡•Ä ‡§ñ‡•ã‡§≤ ‡§¶‡•Ä #BJPWinningBihar"
"165",0,"#Nitish,#Lalu Had Sought #Religion-Based Quota In 2005: PM #Modi |READ| https://t.co/wVFzhzJVaE https://t.co/CrbU08eRnS"
"166",-2,"RT @ganeshmahnar: Motihari seat going to #BJP Pramod Kumar, #Lalu, RabriDevi secretary Vinod Srivastava going to lose here badly"
"167",0,"‡§ö‡•Å‡§®‡§æ‡§µ ‡§Ü‡§Ø‡•ã‡§ó ‡§®‡•á ‡§Ü‡§∞‡§ú‡•á‡§°‡•Ä ‡§™‡•ç‡§∞‡§Æ‡•Å‡§ñ ‡§≤‡§æ‡§≤‡•Ç ‡§Ø‡§æ‡§¶‡§µ ‡§ï‡•ã ‡§Ö‡§Æ‡§ø‡§§ ‡§∂‡§æ‡§π ‡§ï‡•ã '‡§®‡§∞‡§≠‡§ï‡•ç‡§∑‡•Ä' ‡§ï‡§π‡§®‡•á ‡§™‡§∞ ‡§®‡•ã‡§ü‡§ø‡§∏ ‡§≠‡•á‡§ú‡§æ #NavBharatTimes #Lalu #AmitShah #Bihar"
"168",-1,"Breaking News: ‡§Ü‡§ö‡§æ‡§∞ ‡§∏‡§Ç‡§π‡§ø‡§§‡§æ ‡§â‡§≤‡•ç‡§≤‡§Ç‡§ò‡§® ‡§™‡§∞ ‡§∞‡§æ‡§π‡•Å‡§≤ ‡§ó‡§æ‡§Ç‡§ß‡•Ä, ‡§Ö‡§Æ‡§ø‡§§ ‡§∂‡§æ‡§π ‡§î‡§∞ ‡§≤‡§æ‡§≤‡•Ç ‡§ï‡•ã ‡§®‡•ã‡§ü‡§ø‡§∏ #Lalu #AmitShah #BJP #BiharElection #Aajtak #RJD"
"169",0,"@skuncor kmu kok gitu sih mas,ngk ngerti bgt perasaan ku #lalu gumoh Ì†ΩÌ∏Ö"
"170",-1,"What finally happen to EC notices?Notices today sent to Rahul Gandhi, #AmitShah #Lalu Prasad in connection with violation of MCC #BiharPolls"
"171",0,"RT @ganeshmahnar: #Lalu again https://t.co/eqdpRXXfj7"
"172",0,"#Lalu again https://t.co/eqdpRXXfj7"
"173",0,"RT @hiteshmalviya51: #Lalu ‡§ï‡•á ‡§¶‡•ã ‡§Ö‡§®‡§Æ‡•ã‡§≤ ‡§∞‡§§‡§®... ‡§è‡§ï ‡§Æ‡•à‡§ü‡•ç‡§∞‡§ø‡§ï ‡§´‡§º‡•á‡§≤ ‡§§‡•ã ‡§è‡§ï ‡§¨‡•Ä‡§è ‡§´‡§º‡•á‡§≤ Ì†ΩÌ∏ÇÌ†ΩÌ∏Ç 
#BiharWithBJP #NamoInspiresMe #ModiRajInBihar https://t.co‚Ä¶"
"174",0,"RT @hiteshmalviya51: #Lalu ‡§ï‡•á ‡§¶‡•ã ‡§Ö‡§®‡§Æ‡•ã‡§≤ ‡§∞‡§§‡§®... ‡§è‡§ï ‡§Æ‡•à‡§ü‡•ç‡§∞‡§ø‡§ï ‡§´‡§º‡•á‡§≤ ‡§§‡•ã ‡§è‡§ï ‡§¨‡•Ä‡§è ‡§´‡§º‡•á‡§≤ Ì†ΩÌ∏ÇÌ†ΩÌ∏Ç 
#BiharWithBJP #NamoInspiresMe #ModiRajInBihar https://t.co‚Ä¶"
"175",0,"Retweeted ‚àÜ ‡§π‡§ø‡§§‡•á‡§∂ ‡§Æ‡§æ‡§≤‡§µ‡•Ä‡§Ø ‚àÜ (@hiteshmalviya51):

#Lalu ‡§ï‡•á ‡§¶‡•ã ‡§Ö‡§®‡§Æ‡•ã‡§≤ ‡§∞‡§§‡§®... ‡§è‡§ï ‡§Æ‡•à‡§ü‡•ç‡§∞‡§ø‡§ï ‡§´‡§º‡•á‡§≤ ‡§§‡•ã ‡§è‡§ï ‡§¨‡•Ä‡§è ‡§´‡§º‡•á‡§≤ ÌÆ∏Ìº¥ÌÆ∏Ìº¥... https://t.co/3yISmhmYST"
"176",0,"RT @hiteshmalviya51: #Lalu ‡§ï‡•á ‡§¶‡•ã ‡§Ö‡§®‡§Æ‡•ã‡§≤ ‡§∞‡§§‡§®... ‡§è‡§ï ‡§Æ‡•à‡§ü‡•ç‡§∞‡§ø‡§ï ‡§´‡§º‡•á‡§≤ ‡§§‡•ã ‡§è‡§ï ‡§¨‡•Ä‡§è ‡§´‡§º‡•á‡§≤ Ì†ΩÌ∏ÇÌ†ΩÌ∏Ç 
#BiharWithBJP #NamoInspiresMe #ModiRajInBihar https://t.co‚Ä¶"
"177",0,"RT @hiteshmalviya51: #Lalu ‡§ï‡•á ‡§¶‡•ã ‡§Ö‡§®‡§Æ‡•ã‡§≤ ‡§∞‡§§‡§®... ‡§è‡§ï ‡§Æ‡•à‡§ü‡•ç‡§∞‡§ø‡§ï ‡§´‡§º‡•á‡§≤ ‡§§‡•ã ‡§è‡§ï ‡§¨‡•Ä‡§è ‡§´‡§º‡•á‡§≤ Ì†ΩÌ∏ÇÌ†ΩÌ∏Ç 
#BiharWithBJP #NamoInspiresMe #ModiRajInBihar https://t.co‚Ä¶"
"178",0,"RT @hiteshmalviya51: #Lalu ‡§ï‡•á ‡§¶‡•ã ‡§Ö‡§®‡§Æ‡•ã‡§≤ ‡§∞‡§§‡§®... ‡§è‡§ï ‡§Æ‡•à‡§ü‡•ç‡§∞‡§ø‡§ï ‡§´‡§º‡•á‡§≤ ‡§§‡•ã ‡§è‡§ï ‡§¨‡•Ä‡§è ‡§´‡§º‡•á‡§≤ Ì†ΩÌ∏ÇÌ†ΩÌ∏Ç 
#BiharWithBJP #NamoInspiresMe #ModiRajInBihar https://t.co‚Ä¶"
"179",0,"RT @hiteshmalviya51: #Lalu ‡§ï‡•á ‡§¶‡•ã ‡§Ö‡§®‡§Æ‡•ã‡§≤ ‡§∞‡§§‡§®... ‡§è‡§ï ‡§Æ‡•à‡§ü‡•ç‡§∞‡§ø‡§ï ‡§´‡§º‡•á‡§≤ ‡§§‡•ã ‡§è‡§ï ‡§¨‡•Ä‡§è ‡§´‡§º‡•á‡§≤ Ì†ΩÌ∏ÇÌ†ΩÌ∏Ç 
#BiharWithBJP #NamoInspiresMe #ModiRajInBihar https://t.co‚Ä¶"
"180",0,"RT @ganeshmahnar: Big surprise for #Lalu, today in Motihari, one Yadav saying going to vote #NDA. In no circumstances will vote to #Lalu se‚Ä¶"
"181",0,"RT @shemin_joy: Bihar: The Lalu,Nitish, Modi story https://t.co/cRrABrkcMJ #BiharPolls #Modi #Nitish #Lalu"
"182",0,"#Agen #Judi #Pesan #Untuk #Israel dan #Palestina ‚Äì #Tinggal di #masa #lalu #tidak #akan‚Ä¶ https://t.co/mrKZYLqA6t"
"183",2,"Meanwhile #Lalu found practicing &amp; entertaining his amazing creativity to the public in #BiharBattle  #‡§¨‡§ø‡§π‡§æ‡§∞‡•Ä_‡§π‡•ã_‡§§‡•Å‡§Æ https://t.co/vHfDOW6KeH"
"184",0,"RT @ganeshmahnar: Big surprise for #Lalu, today in Motihari, one Yadav saying going to vote #NDA. In no circumstances will vote to #Lalu se‚Ä¶"
"185",0,"Big surprise for #Lalu, today in Motihari, one Yadav saying going to vote #NDA. In no circumstances will vote to #Lalu secretary Vinod Sriva"
"186",0,"Bihar: The Lalu,Nitish, Modi story https://t.co/cRrABrkcMJ #BiharPolls #Modi #Nitish #Lalu"
"187",1,"Given the imminent defeat of #BJP in #BiharElections,best thing that could happen for them is #Lalu getting more seats than #NitishKumar !"
"188",0,"RT @FinalReport1: #BiharPolls2015 #Lalu son #TejPratapYadav faces his first electoral test in #Mahua http://t.co/OqBa3YM3A5
#Bihar http://t‚Ä¶"
"189",0,"RT @ganeshmahnar: Khwab dekhte hai, Manniye Sharad Yadav ji. JDU me akele Dam Hota toh #Lalu ke saath thode na larte, only 100 seats https:‚Ä¶"
"190",-2,"RT @ganeshmahnar: Motihari seat going to #BJP Pramod Kumar, #Lalu, RabriDevi secretary Vinod Srivastava going to lose here badly"
"191",-4,"#Lalu says ‚Äì Kalyugi Dhritarashtra is not only blind but also deaf &amp; dumb and coward. Modi stands exposed all over the world."
"192",-2,"RT @ganeshmahnar: Motihari seat going to #BJP Pramod Kumar, #Lalu, RabriDevi secretary Vinod Srivastava going to lose here badly"
"193",0,"#Modi ‡§î‡§∞ ‡§∂‡§æ‡§π ‡§ï‡•á ‡§¨‡§Ø‡§æ‡§®‡•ã‡§Ç ‡§∏‡•á ‡§¶‡§ø‡§ñ ‡§∞‡§π‡•Ä ‡§π‡§æ‡§∞ ‡§ï‡•Ä ‡§§‡§ø‡§≤‡§Æ‡§ø‡§≤‡§æ‡§π‡§ü‡§É ‡§≤‡§æ‡§≤‡•Ç
https://t.co/4fFjWjB89T 
#AmitShah  #Lalu #patna https://t.co/byT1RiSPUZ"
"194",-1,"RT @Byrahulchhibber: Headlines in @TOIIndiaNews if #BJP loose #BiharElections2015 ""#Lalu stops juggernaut of #Modi "" @narendramodi @narendr‚Ä¶"
"195",-1,"Headlines in @TOIIndiaNews if #BJP loose #BiharElections2015 ""#Lalu stops juggernaut of #Modi "" @narendramodi @narendramodi @BJP4India"
"196",1,"Who will win #BiharElections 2015? #BiharBattle #Bihar #‡§¨‡§ø‡§π‡§æ‡§∞‡§ö‡•Å‡§®‡§æ‡§µ #NakalMatKaro #NitishKaAgentPratyayaAmrit #Lalu"
"197",0,"Dibilang kurusan Ì†ΩÌ∏±
Tapi emang kliatan bedanya sihh Ì†ΩÌ∏ë
Gara2 kbanyakan pikiran ini mahh Ì†ΩÌ∏ñ

Sudah lahh !! Yang #lalu b‚Ä¶ https://t.co/axjlWXiNLC"
"198",0,"RT @hiteshmalviya51: #Lalu ‡§ï‡•á ‡§¶‡•ã ‡§Ö‡§®‡§Æ‡•ã‡§≤ ‡§∞‡§§‡§®... ‡§è‡§ï ‡§Æ‡•à‡§ü‡•ç‡§∞‡§ø‡§ï ‡§´‡§º‡•á‡§≤ ‡§§‡•ã ‡§è‡§ï ‡§¨‡•Ä‡§è ‡§´‡§º‡•á‡§≤ Ì†ΩÌ∏ÇÌ†ΩÌ∏Ç 
#BiharWithBJP #NamoInspiresMe #ModiRajInBihar https://t.co‚Ä¶"
"199",0,"RT @Aneela_Nadar: This is Tit for Tat #Lalu ishtyle !!
#ModiBhagaoNitishJeetao 
#ModiBhagaoDeshBachao 
@Iffidel @gops333 @aawara_aatma http‚Ä¶"
"200",1,"#lalu An interesting &amp; hilarious sneak peak  of Bihar. Watch the expectations of the aam janta.. 
..https://t.co/3KGnfy01Kn ‚Ä¶ ‚Ä¶ ‚Ä¶ ‚Ä¶"
"201",0,"RT @Aneela_Nadar: This is Tit for Tat #Lalu ishtyle !!
#ModiBhagaoNitishJeetao 
#ModiBhagaoDeshBachao 
@Iffidel @gops333 @aawara_aatma http‚Ä¶"
"202",1,"#Lalu An interesting &amp; hilarious sneak peak  of Bihar. Watch the expectations of the aam janta.. 
..https://t.co/3KGnfy01Kn ‚Ä¶ ‚Ä¶ ‚Ä¶"
"203",-1,"RT @santwana99: #BiharPolls: 3 What-ifs...Will it b #Modi, #Nitish-#Lalu or hung house? ""Tight hai,"" says the Bihari. My article... https:/‚Ä¶"
"204",-2,"RT @ganeshmahnar: Motihari seat going to #BJP Pramod Kumar, #Lalu, RabriDevi secretary Vinod Srivastava going to lose here badly"
"205",0,"RT @hiteshmalviya51: #Lalu ‡§ï‡•á ‡§¶‡•ã ‡§Ö‡§®‡§Æ‡•ã‡§≤ ‡§∞‡§§‡§®... ‡§è‡§ï ‡§Æ‡•à‡§ü‡•ç‡§∞‡§ø‡§ï ‡§´‡§º‡•á‡§≤ ‡§§‡•ã ‡§è‡§ï ‡§¨‡•Ä‡§è ‡§´‡§º‡•á‡§≤ Ì†ΩÌ∏ÇÌ†ΩÌ∏Ç 
#BiharWithBJP #NamoInspiresMe #ModiRajInBihar https://t.co‚Ä¶"
"206",0,"RT @IndiaToday: MUST WATCH | @narendramodi, #Lalu in a musical fight over #Bihar elections

https://t.co/xVFdBLc12S https://t.co/zj5racJ632"
"207",0,"RT @IndiaToday: MUST WATCH | @narendramodi, #Lalu in a musical fight over #Bihar elections

https://t.co/xVFdBLc12S https://t.co/zj5racJ632"
"208",0,"RT @IndiaToday: MUST WATCH | @narendramodi, #Lalu in a musical fight over #Bihar elections

https://t.co/xVFdBLc12S https://t.co/zj5racJ632"
"209",0,"IndiaToday: MUST WATCH | narendramodi, #Lalu in a musical fight over #Bihar elections

https://t.co/ic3v0VVDuL https://t.co/vZPeUUvlCa"
"210",0,"RT @IndiaToday: MUST WATCH | @narendramodi, #Lalu in a musical fight over #Bihar elections

https://t.co/xVFdBLc12S https://t.co/zj5racJ632"
"211",0,"RT @IndiaToday: MUST WATCH | @narendramodi, #Lalu in a musical fight over #Bihar elections

https://t.co/xVFdBLc12S https://t.co/zj5racJ632"
"212",0,"RT @IndiaToday: MUST WATCH | @narendramodi, #Lalu in a musical fight over #Bihar elections

https://t.co/xVFdBLc12S https://t.co/zj5racJ632"
"213",-2,"RT @ganeshmahnar: Motihari seat going to #BJP Pramod Kumar, #Lalu, RabriDevi secretary Vinod Srivastava going to lose here badly"
"214",0,"RT @IndiaToday: MUST WATCH | @narendramodi, #Lalu in a musical fight over #Bihar elections

https://t.co/xVFdBLc12S https://t.co/zj5racJ632"
"215",0,"#IndiaToday MUST WATCH | narendramodi, #Lalu in a musical fight over #Bihar elections

https://t.co/YbXviIWQ37 https://t.co/IWrJVTtiyX"
"216",-2,"RT @ganeshmahnar: Motihari seat going to #BJP Pramod Kumar, #Lalu, RabriDevi secretary Vinod Srivastava going to lose here badly"
"217",0,"MUST WATCH | @narendramodi, #Lalu in a musical fight over #Bihar elections

https://t.co/xVFdBLc12S https://t.co/zj5racJ632"
"218",0,"Ada jadinya besok kalo ketemu temen yg perawat bakal tanya 'pacar kamu tentara kan?'  #lalu #dibilang #soktau  :'D"
"219",-2,"RT @ganeshmahnar: Motihari seat going to #BJP Pramod Kumar, #Lalu, RabriDevi secretary Vinod Srivastava going to lose here badly"
"220",1,"RT @richa_lohia: @MeThePooh @kailashkaushik8 @Champ_Nikk and Nitish Ji thought #Lalu will be like ""doobte ko tinke ka sahara"""
"221",-2,"RT @ganeshmahnar: Motihari seat going to #BJP Pramod Kumar, #Lalu, RabriDevi secretary Vinod Srivastava going to lose here badly"
"222",1,"RT @richa_lohia: @MeThePooh @kailashkaushik8 @Champ_Nikk and Nitish Ji thought #Lalu will be like ""doobte ko tinke ka sahara"""
"223",-2,"RT @ganeshmahnar: Motihari seat going to #BJP Pramod Kumar, #Lalu, RabriDevi secretary Vinod Srivastava going to lose here badly"
"224",-2,"Motihari seat going to #BJP Pramod Kumar, #Lalu, RabriDevi secretary Vinod Srivastava going to lose here badly"
"225",0,"#Lalu ‡§≤‡§æ‡§≤‡•Ç ‡§ú‡•Ä ‡§®‡•á ‡§¨‡§ø‡§π‡§æ‡§∞ ‡§ï‡•ç‡§∞‡§ø‡§ï‡•á‡§ü ‡§ï‡§æ ‡§¨‡•á‡§∞‡§æ ‡§ó‡§∞‡•ç‡§ï ‡§ï‡§ø‡§Ø‡§æ @yadavtejashwi ‡§ï‡•ã ‡§ï‡•ç‡§∞‡§ø‡§ï‡•á‡§ü‡§∞ ‡§¨‡§®‡§æ‡§®‡§æ ‡§•‡§æ I ‡§Ö‡§¨ ‡§µ‡§ø‡§ß‡§æ‡§Ø‡§ï ‡§¨‡§®‡§æ‡§è‡§Ç‡§ó‡•á I‡§®‡§Ç‡§ó‡§æ ‡§®‡§æ‡§ö https://t.co/NC6pgjMVi2"
"226",0,"Tapi yang ini tuh Shige-Kami ahay kan muti seneng #lalu"
"227",0,"@NitishKumar - ‡§≠‡•à‡§Ç‡§∏ ‡§ï‡•á ‡§ö‡§æ‡§∞‡•á ‡§ï‡•ã ‡§ñ‡§æ ‡§ñ‡§æ ‡§ï‡§∞ #Lalu ‡§ï‡•á ‡§™‡•Å‡§∞‡•á ‡§™‡§∞‡§ø‡§µ‡§æ‡§∞ ‡§ï‡•Ä ‡§∏‡•ã‡§Ç‡§ö ‡§≠‡•Ä ‡§≠‡•à‡§Ç‡§∏‡•ã ‡§µ‡§æ‡§≤‡•Ä ‡§π‡•ã ‡§ó‡§Ø‡•Ä ‡§π‡•à, ‡§ï‡•Å‡§õ ‡§≠‡•Ä ‡§¨‡§ï ‡§¶‡•á‡§§‡•á ‡§π‡•à‡§Ç  https://t.co/M22Ke53TSA"
"228",1,"@MeThePooh @kailashkaushik8 @Champ_Nikk and Nitish Ji thought #Lalu will be like ""doobte ko tinke ka sahara"""
"229",0,"#Jelang #Lazio #Kontra #Milan, #Nesta #Terkenang #Masa #Lalu - https://t.co/rjjsbfi1i8
, #News"
"230",0,"ŸÑÿßŸÑŸà- ŸÜÿ™€åÿ¥ ÿµÿ±ŸÅ ÿ™ÿ®ÿß€Å€å ŸÑÿßÿ¶€å⁄∫ ⁄Ø€í: ŸÖŸàÿØ€å
##Modi# #LALU #NITISH
Read more at... https://t.co/yDwIDgbz0L"
"231",0,"‚Äò‡¶Ø‡¶æ‡¶Å‡¶∞‡¶æ ‡¶™‡ßç‡¶∞‡¶§‡¶ø‡¶∂‡ßç‡¶∞‡ßÅ‡¶§‡¶ø ‡¶∞‡¶æ‡¶ñ‡ßá‡¶®‡¶®‡¶ø, ‡¶§‡¶æ‡¶Å‡¶¶‡ßá‡¶∞ ‡¶∏‡¶ô‡ßç‡¶ó‡ßá ‡¶∏‡¶Æ‡ßç‡¶™‡¶∞‡ßç‡¶ï ‡¶õ‡ßá‡¶¶ ‡¶ï‡¶∞‡ßÅ‡¶®‚Äô,‚Äò#Lalu-‡¶ú‡¶ø ‡ß≠‡ß¶ ‡¶¨‡¶õ‡¶∞‡ßá‡¶∞ ‡¶™‡ßÅ‡¶∞‡¶æ‡¶®‡ßã ‡¶¨‡¶á ‡¶®‡¶ø‡ßü‡ßá ‡¶ò‡ßÅ‡¶∞‡¶õ‡ßá‡¶®‚Äô-‡¶®‡¶ø‡¶∞‡ßç‡¶¨‡¶æ‡¶ö‡¶®‡ßÄ ‡¶™‡ßç‡¶∞‡¶ö‡¶æ‡¶∞‡ßá ‡¶ó‡¶ø‡ßü‡ßá ‡¶¨‡¶≤‡¶≤‡ßá‡¶® #Modi"
"232",0,"‚Äò‡¶Ø‡¶æ‡¶Å‡¶∞‡¶æ ‡¶™‡ßç‡¶∞‡¶§‡¶ø‡¶∂‡ßç‡¶∞‡ßÅ‡¶§‡¶ø ‡¶∞‡¶æ‡¶ñ‡ßá‡¶®‡¶®‡¶ø, ‡¶§‡¶æ‡¶Å‡¶¶‡ßá‡¶∞ ‡¶∏‡¶ô‡ßç‡¶ó‡ßá ‡¶∏‡¶Æ‡ßç‡¶™‡¶∞‡ßç‡¶ï ‡¶õ‡ßá‡¶¶ ‡¶ï‡¶∞‡ßÅ‡¶®‚Äô,‚Äò#Lalu-‡¶ú‡¶ø ‡ß≠‡ß¶ ‡¶¨‡¶õ‡¶∞‡ßá‡¶∞ ‡¶™‡ßÅ‡¶∞‡¶æ‡¶®‡ßã ‡¶¨‡¶á ‡¶®‡¶ø‡ßü‡ßá ‡¶ò‡ßÅ‡¶∞‡¶õ‡ßá‡¶®‚Äô-‡¶®‡¶ø‡¶∞‡ßç‡¶¨‡¶æ‡¶ö‡¶®‡ßÄ ‡¶™‡ßç‡¶∞‡¶ö‡¶æ‡¶∞‡ßá ‡¶ó‡¶ø‡ßü‡ßá ‡¶¨‡¶≤‡¶≤‡ßá‡¶® #Modi"
"233",0,"#Halloween celebrations turns to #Comedy due to #Lalu #Barkha #Rajdeep #Sagrika #Libertad #aaptards #pappu #arvindkejriwal #AshuTheKallu"
"234",0,"Jinka Chunav Chinh he LALTEN hai wo kyaa Bijli layenge..BAA BUDBAK!! #NiKu #Lalu #BiharElections #BiharPolls"
"235",0,"BIHAR 4TH PHASE POLLING%: 2 PM OVERALL 48.37% #BiharElections #BiharPolls #BiharBattle #BJP #Lalu #mahagathbandhan"
"236",0,"RT @ganeshmahnar: Khwab dekhte hai, Manniye Sharad Yadav ji. JDU me akele Dam Hota toh #Lalu ke saath thode na larte, only 100 seats https:‚Ä¶"
"237",0,"#Lalu anda takut dengan pahitnya Hidup..???
Kawan...
Kopi pun bisa sempurna‚Ä¶ (w/ you at Vila Nusa Indah 2) [pic] ‚Äî https://t.co/YM3E2q80vg"
"238",0,"RT @ganeshmahnar: Khwab dekhte hai, Manniye Sharad Yadav ji. JDU me akele Dam Hota toh #Lalu ke saath thode na larte, only 100 seats https:‚Ä¶"
"239",0,"RT @hiteshmalviya51: #Lalu ‡§ï‡•á ‡§¶‡•ã ‡§Ö‡§®‡§Æ‡•ã‡§≤ ‡§∞‡§§‡§®... ‡§è‡§ï ‡§Æ‡•à‡§ü‡•ç‡§∞‡§ø‡§ï ‡§´‡§º‡•á‡§≤ ‡§§‡•ã ‡§è‡§ï ‡§¨‡•Ä‡§è ‡§´‡§º‡•á‡§≤ Ì†ΩÌ∏ÇÌ†ΩÌ∏Ç 
#BiharWithBJP #NamoInspiresMe #ModiRajInBihar https://t.co‚Ä¶"
"240",0,"RT @ganeshmahnar: Khwab dekhte hai, Manniye Sharad Yadav ji. JDU me akele Dam Hota toh #Lalu ke saath thode na larte, only 100 seats https:‚Ä¶"
"241",0,"RT @hiteshmalviya51: #Lalu ‡§ï‡•á ‡§¶‡•ã ‡§Ö‡§®‡§Æ‡•ã‡§≤ ‡§∞‡§§‡§®... ‡§è‡§ï ‡§Æ‡•à‡§ü‡•ç‡§∞‡§ø‡§ï ‡§´‡§º‡•á‡§≤ ‡§§‡•ã ‡§è‡§ï ‡§¨‡•Ä‡§è ‡§´‡§º‡•á‡§≤ Ì†ΩÌ∏ÇÌ†ΩÌ∏Ç 
#BiharWithBJP #NamoInspiresMe #ModiRajInBihar https://t.co‚Ä¶"
"242",0,"RT @hiteshmalviya51: #Lalu ‡§ï‡•á ‡§¶‡•ã ‡§Ö‡§®‡§Æ‡•ã‡§≤ ‡§∞‡§§‡§®... ‡§è‡§ï ‡§Æ‡•à‡§ü‡•ç‡§∞‡§ø‡§ï ‡§´‡§º‡•á‡§≤ ‡§§‡•ã ‡§è‡§ï ‡§¨‡•Ä‡§è ‡§´‡§º‡•á‡§≤ Ì†ΩÌ∏ÇÌ†ΩÌ∏Ç 
#BiharWithBJP #NamoInspiresMe #ModiRajInBihar https://t.co‚Ä¶"
"243",0,"RT @ganeshmahnar: Khwab dekhte hai, Manniye Sharad Yadav ji. JDU me akele Dam Hota toh #Lalu ke saath thode na larte, only 100 seats https:‚Ä¶"
"244",0,"RT @ganeshmahnar: Khwab dekhte hai, Manniye Sharad Yadav ji. JDU me akele Dam Hota toh #Lalu ke saath thode na larte, only 100 seats https:‚Ä¶"
"245",0,"RT @ganeshmahnar: #MGB insiders assessment: needs 50+ seats in 5th phase to 122. Strategy changed, #Lalu addressing 9 Rally today, Nitish t‚Ä¶"
"246",0,"Khwab dekhte hai, Manniye Sharad Yadav ji. JDU me akele Dam Hota toh #Lalu ke saath thode na larte, only 100 seats https://t.co/XTJzdVtAjh"
"247",-1,"10 Absolute Worst Things In This Bihar election 2015
https://t.co/tZQOnCimBy 
https://t.co/nsjhzLt6ox
#BiharPolls  #BiharElections #Lalu"
"248",-1,"Absolute Worst Things In This Bihar election 2015
https://t.co/tZQOnCimBy 
https://t.co/nsjhzLt6ox
#JUNGLERAAJ #BIHAR #LALU #NITISH #Modi"
"249",0,"RT @hiteshmalviya51: #Lalu ‡§ï‡•á ‡§¶‡•ã ‡§Ö‡§®‡§Æ‡•ã‡§≤ ‡§∞‡§§‡§®... ‡§è‡§ï ‡§Æ‡•à‡§ü‡•ç‡§∞‡§ø‡§ï ‡§´‡§º‡•á‡§≤ ‡§§‡•ã ‡§è‡§ï ‡§¨‡•Ä‡§è ‡§´‡§º‡•á‡§≤ Ì†ΩÌ∏ÇÌ†ΩÌ∏Ç 
#BiharWithBJP #NamoInspiresMe #ModiRajInBihar https://t.co‚Ä¶"
"250",-1,"Absolute Worst Things In This Bihar election 2015
https://t.co/tZQOnCimBy 
https://t.co/nsjhzLt6ox
#JUNGLERAJ #NITISH #LALU #MODI #BIHAR"
"251",-1,"Absolute Worst Things In This Bihar election 2015
https://t.co/tZQOnCimBy 
https://t.co/nsjhzLt6ox
#BJP #BODHGAYA #NITISHKUMAR #LALU #MANJHI"
"252",0,"Which party will sweep #BiharElections??
#‡§¨‡§ø‡§π‡§æ‡§∞‡•Ä_‡§π‡•ã_‡§§‡•Å‡§Æ #AwardWapsi #Modi #BJP #Lalu #Sonia #RahulGandhi #AAP"
"253",0,"RT @hiteshmalviya51: #Lalu ‡§ï‡•á ‡§¶‡•ã ‡§Ö‡§®‡§Æ‡•ã‡§≤ ‡§∞‡§§‡§®... ‡§è‡§ï ‡§Æ‡•à‡§ü‡•ç‡§∞‡§ø‡§ï ‡§´‡§º‡•á‡§≤ ‡§§‡•ã ‡§è‡§ï ‡§¨‡•Ä‡§è ‡§´‡§º‡•á‡§≤ Ì†ΩÌ∏ÇÌ†ΩÌ∏Ç 
#BiharWithBJP #NamoInspiresMe #ModiRajInBihar https://t.co‚Ä¶"
"254",0,"‡§≤‡§æ‡§≤‡•Ç ‡§ï‡•Ä ‡§≤‡•ã‡§ï‡§™‡•ç‡§∞‡§ø‡§Ø‡§§‡§æ ‡§á‡§§‡§®‡•Ä ‡§¨‡•ù ‡§ó‡§Ø‡•Ä ‡§π‡•à ‡§ï‡§ø ‡§¨‡§ö‡•ç‡§ö‡•á ‡§Ü‡§ú‡§ï‡§≤ ‡§Ö‡§™‡§®‡•á ‡§™‡§ø‡§§‡§æ‡§ú‡•Ä ‡§∏‡•á ‡§°‡§æ‡§¨‡§∞‡§Æ‡•à‡§® ‡§ï‡•Ä ‡§ú‡§ó‡§π ‡§≤‡§æ‡§≤‡•Ç ‡§ú‡•à‡§∏‡•á ‡§∂‡§ï‡§≤ ‡§µ‡§æ‡§≤‡•á ‡§ï‡•Å‡§§‡•ç‡§§‡•á ‡§ï‡§ø ‡§°‡§ø‡§Æ‡§æ‡§Ç‡§° ‡§ï‡§∞‡§§‡•á ‡§π‡•à‡§Ç #lalu #gotala"
"255",0,"RT @ganeshmahnar: #MGB insiders assessment: needs 50+ seats in 5th phase to 122. Strategy changed, #Lalu addressing 9 Rally today, Nitish t‚Ä¶"
"256",0,"#Biharis to #Nitish and #Lalu https://t.co/VcCaybuELj"
"257",0,"RT @ganeshmahnar: #MGB insiders assessment: needs 50+ seats in 5th phase to 122. Strategy changed, #Lalu addressing 9 Rally today, Nitish t‚Ä¶"
"258",1,"How can u think positive if u r having ""Chaaraa-Bhusaa"" in ur mind...........!! #LaLu"
"259",2,"Those who support #Niku n #Lalu in elections, should ask if they have any intentions to see a best #Bihar?  #BiharElections #BiharPolls"
"260",-1,"#BiharPolls: 3 What-ifs...Will it b #Modi, #Nitish-#Lalu or hung house? ""Tight hai,"" says the Bihari. My article... https://t.co/kRoMw8xeP3"
"261",-1,"#Muzaffarpur‚Äôs traders fear the return of #JungleRaj due to the alliance #Nitish formed with #Lalu https://t.co/Z6ahXGBWEQ #battelforBihar"
"262",0,"@MahaveerM_ @jyotsnadevi33
58% for #Lalu..42 for #Niku..
Very creditable for Lalu..
I thought he will be in 90s."
"263",-2,"#lalu has nothing to loose in #biharelections moreover 115 MLA from JDU in current assembly &amp; nitish contesting 4m 100seats.#nitish is loser"
"264",1,"Start with Parivartan, disband it,take boats of DNA, #Jungle,#Lalu-#Nitish,&amp; again at last, wisdom of ParivartanWithModi?Madhubani"
"265",0,"#lalu https://t.co/3muoAkN5G4"
"266",1,"Start with Parivartan, disband it,take boats of DNA, #Jungle,#Lalu-#Nitish,&amp; again at last #NakalMatKaro, wisdom of #ParivartanWithModi?"
"267",0,"#lalu Ì†ΩÌ∏èÌ†ΩÌ∏çÌ†ΩÌπà https://t.co/xNQX4Bm3cl"
"268",0,"RT @ganeshmahnar: #MGB insiders assessment: needs 50+ seats in 5th phase to 122. Strategy changed, #Lalu addressing 9 Rally today, Nitish t‚Ä¶"
"269",0,"RT @ganeshmahnar: #MGB insiders assessment: needs 50+ seats in 5th phase to 122. Strategy changed, #Lalu addressing 9 Rally today, Nitish t‚Ä¶"
"270",0,"RT @ganeshmahnar: #MGB insiders assessment: needs 50+ seats in 5th phase to 122. Strategy changed, #Lalu addressing 9 Rally today, Nitish t‚Ä¶"
"271",0,"#BJP came2 #Bihar with #MadeInDelhi ship of #Parivartan,but on boats of DNA,#Jungle,TantraMantra,#Lalu-#Nitish?#ParivartanWithModi"
"272",0,"RT @ganeshmahnar: #MGB insiders assessment: needs 50+ seats in 5th phase to 122. Strategy changed, #Lalu addressing 9 Rally today, Nitish t‚Ä¶"
"273",0,"RT @ganeshmahnar: #MGB insiders assessment: needs 50+ seats in 5th phase to 122. Strategy changed, #Lalu addressing 9 Rally today, Nitish t‚Ä¶"
"274",0,"RT @ganeshmahnar: #MGB insiders assessment: needs 50+ seats in 5th phase to 122. Strategy changed, #Lalu addressing 9 Rally today, Nitish t‚Ä¶"
"275",0,"RT @ganeshmahnar: #MGB insiders assessment: needs 50+ seats in 5th phase to 122. Strategy changed, #Lalu addressing 9 Rally today, Nitish t‚Ä¶"
"276",0,"Bsk 2X seminggu tum. Trus 3X seminggu. #Lalu? Ì†ΩÌ∏õÌ†ΩÌ∏ú https://t.co/ZqeDNQC0eM"
"277",0,"RT @ganeshmahnar: #MGB insiders assessment: needs 50+ seats in 5th phase to 122. Strategy changed, #Lalu addressing 9 Rally today, Nitish t‚Ä¶"
"278",-2,"@shekhargupta The focus of #Bjp/Modi,is entirely to make people scare of #Lalu,rather their own #Vikas or loopholes in @nitishkumar tenure."
"279",0,"RT @ganeshmahnar: #MGB insiders assessment: needs 50+ seats in 5th phase to 122. Strategy changed, #Lalu addressing 9 Rally today, Nitish t‚Ä¶"
"280",0,"RT @ganeshmahnar: #MGB insiders assessment: needs 50+ seats in 5th phase to 122. Strategy changed, #Lalu addressing 9 Rally today, Nitish t‚Ä¶"
"281",0,"RT @ganeshmahnar: #MGB insiders assessment: needs 50+ seats in 5th phase to 122. Strategy changed, #Lalu addressing 9 Rally today, Nitish t‚Ä¶"
"282",0,"RT @hiteshmalviya51: #Lalu ‡§ï‡•á ‡§¶‡•ã ‡§Ö‡§®‡§Æ‡•ã‡§≤ ‡§∞‡§§‡§®... ‡§è‡§ï ‡§Æ‡•à‡§ü‡•ç‡§∞‡§ø‡§ï ‡§´‡§º‡•á‡§≤ ‡§§‡•ã ‡§è‡§ï ‡§¨‡•Ä‡§è ‡§´‡§º‡•á‡§≤ Ì†ΩÌ∏ÇÌ†ΩÌ∏Ç 
#BiharWithBJP #NamoInspiresMe #ModiRajInBihar https://t.co‚Ä¶"
"283",0,"RT @ganeshmahnar: #MGB insiders assessment: needs 50+ seats in 5th phase to 122. Strategy changed, #Lalu addressing 9 Rally today, Nitish t‚Ä¶"
"284",0,"RT @hiteshmalviya51: #Lalu ‡§ï‡•á ‡§¶‡•ã ‡§Ö‡§®‡§Æ‡•ã‡§≤ ‡§∞‡§§‡§®... ‡§è‡§ï ‡§Æ‡•à‡§ü‡•ç‡§∞‡§ø‡§ï ‡§´‡§º‡•á‡§≤ ‡§§‡•ã ‡§è‡§ï ‡§¨‡•Ä‡§è ‡§´‡§º‡•á‡§≤ Ì†ΩÌ∏ÇÌ†ΩÌ∏Ç 
#BiharWithBJP #NamoInspiresMe #ModiRajInBihar https://t.co‚Ä¶"
"285",0,"RT @ganeshmahnar: #MGB insiders assessment: needs 50+ seats in 5th phase to 122. Strategy changed, #Lalu addressing 9 Rally today, Nitish t‚Ä¶"
"286",0,"RT @ganeshmahnar: #MGB insiders assessment: needs 50+ seats in 5th phase to 122. Strategy changed, #Lalu addressing 9 Rally today, Nitish t‚Ä¶"
"287",0,"RT @ganeshmahnar: #MGB insiders assessment: needs 50+ seats in 5th phase to 122. Strategy changed, #Lalu addressing 9 Rally today, Nitish t‚Ä¶"
"288",0,"RT @ganeshmahnar: #MGB insiders assessment: needs 50+ seats in 5th phase to 122. Strategy changed, #Lalu addressing 9 Rally today, Nitish t‚Ä¶"
"289",0,"RT @ganeshmahnar: #MGB insiders assessment: needs 50+ seats in 5th phase to 122. Strategy changed, #Lalu addressing 9 Rally today, Nitish t‚Ä¶"
"290",0,"RT @ganeshmahnar: #MGB insiders assessment: needs 50+ seats in 5th phase to 122. Strategy changed, #Lalu addressing 9 Rally today, Nitish t‚Ä¶"
"291",0,"RT @ganeshmahnar: #MGB insiders assessment: needs 50+ seats in 5th phase to 122. Strategy changed, #Lalu addressing 9 Rally today, Nitish t‚Ä¶"
"292",0,"RT @ganeshmahnar: #MGB insiders assessment: needs 50+ seats in 5th phase to 122. Strategy changed, #Lalu addressing 9 Rally today, Nitish t‚Ä¶"
"293",0,"RT @ganeshmahnar: #MGB insiders assessment: needs 50+ seats in 5th phase to 122. Strategy changed, #Lalu addressing 9 Rally today, Nitish t‚Ä¶"
"294",0,"RT @ganeshmahnar: #MGB insiders assessment: needs 50+ seats in 5th phase to 122. Strategy changed, #Lalu addressing 9 Rally today, Nitish t‚Ä¶"
"295",0,"RT @ganeshmahnar: #MGB insiders assessment: needs 50+ seats in 5th phase to 122. Strategy changed, #Lalu addressing 9 Rally today, Nitish t‚Ä¶"
"296",0,"RT @ganeshmahnar: #MGB insiders assessment: needs 50+ seats in 5th phase to 122. Strategy changed, #Lalu addressing 9 Rally today, Nitish t‚Ä¶"
"297",0,"RT @ganeshmahnar: #MGB insiders assessment: needs 50+ seats in 5th phase to 122. Strategy changed, #Lalu addressing 9 Rally today, Nitish t‚Ä¶"
"298",0,"RT @ganeshmahnar: #MGB insiders assessment: needs 50+ seats in 5th phase to 122. Strategy changed, #Lalu addressing 9 Rally today, Nitish t‚Ä¶"
"299",0,"RT @ganeshmahnar: #MGB insiders assessment: needs 50+ seats in 5th phase to 122. Strategy changed, #Lalu addressing 9 Rally today, Nitish t‚Ä¶"
"300",0,"RT @ganeshmahnar: #MGB insiders assessment: needs 50+ seats in 5th phase to 122. Strategy changed, #Lalu addressing 9 Rally today, Nitish t‚Ä¶"
"301",0,"RT @ganeshmahnar: #MGB insiders assessment: needs 50+ seats in 5th phase to 122. Strategy changed, #Lalu addressing 9 Rally today, Nitish t‚Ä¶"
"302",0,"RT @ganeshmahnar: #MGB insiders assessment: needs 50+ seats in 5th phase to 122. Strategy changed, #Lalu addressing 9 Rally today, Nitish t‚Ä¶"
"303",0,"RT @ganeshmahnar: #MGB insiders assessment: needs 50+ seats in 5th phase to 122. Strategy changed, #Lalu addressing 9 Rally today, Nitish t‚Ä¶"
"304",0,"RT @ganeshmahnar: #MGB insiders assessment: needs 50+ seats in 5th phase to 122. Strategy changed, #Lalu addressing 9 Rally today, Nitish t‚Ä¶"
"305",0,"RT @ganeshmahnar: #MGB insiders assessment: needs 50+ seats in 5th phase to 122. Strategy changed, #Lalu addressing 9 Rally today, Nitish t‚Ä¶"
"306",0,"RT @ganeshmahnar: #MGB insiders assessment: needs 50+ seats in 5th phase to 122. Strategy changed, #Lalu addressing 9 Rally today, Nitish t‚Ä¶"
"307",0,"RT @ganeshmahnar: #MGB insiders assessment: needs 50+ seats in 5th phase to 122. Strategy changed, #Lalu addressing 9 Rally today, Nitish t‚Ä¶"
"308",-1,"#MGB insiders assessment: needs 50+ seats in 5th phase to 122. Strategy changed, #Lalu addressing 9 Rally today, Nitish too. Bad 2, 3 phase"
"309",0,"14% vote reported till 9 am in Gopalganj proves #Lalu's stake in big trouble. #BiharElections"
"310",0,"‡ÆÆ‡Øã‡Æü‡Æø, ‡ÆÖ‡ÆÆ‡Æø‡Æ§‡Øç‡Æ∑‡Ææ‡Æµ‡Øà ‡Æµ‡Æø‡ÆÆ‡Æ∞‡Øç‡Æö‡Æø‡Æ§‡Øç‡Æ§ ‡Æ≤‡Ææ‡Æ≤‡ØÅ ‡Æ™‡Æø‡Æ∞‡Æö‡Ææ‡Æ§‡Øç ‡ÆØ‡Ææ‡Æ§‡Æµ‡Øç ‡ÆÆ‡ØÄ‡Æ§‡ØÅ ‡Æµ‡Æ¥‡Æï‡Øç‡Æï‡ØÅ‡Æ™‡Øç‡Æ™‡Æ§‡Æø‡Æµ‡ØÅ
https://t.co/8Q3atAaaG7
#Lalu #FIR https://t.co/7rvvZ82tHY"
"311",0,"RT @vikingthakkar: Throw this convicted man back in Birsa Munda Jail. Why is this #Lalu nut out in the first place? https://t.co/CoQbRDgJAL"
"312",0,"Semoga lebih baik dari bulan lalu #HelloNovember #ByeOctober #semoga #lebih #baik #dari #bulan #lalu Ì†ΩÌπèÌ†ΩÌ±ç https://t.co/THOzFYln0e"
"313",0,"RT rakeshhkumar: My request 2 all #Bihari friends don't vote for comedian #lalu, he made all #Bihari butt of jokes in whole country. #Bihar‚Ä¶"
"314",0,"RT @vikingthakkar: Throw this convicted man back in Birsa Munda Jail. Why is this #Lalu nut out in the first place? https://t.co/CoQbRDgJAL"
"315",0,"My request 2 all #Bihari friends don't vote for comedian #lalu, he made all #Bihari butt of jokes in whole country. #BiharPolls #BJP4Bihar"
"316",0,"RT @ganeshmahnar: @vanichandra2010 Don't underesmate #Lalu, Nitish party is zero without #Lalu, if #RJD vote not transferred, #JDU will not‚Ä¶"
"317",1,"@vanichandra2010 Don't underesmate #Lalu, Nitish party is zero without #Lalu, if #RJD vote not transferred, #JDU will not win a seat"
"318",0,"RT @vikingthakkar: Throw this convicted man back in Birsa Munda Jail. Why is this #Lalu nut out in the first place? https://t.co/CoQbRDgJAL"
"319",0,"Throw this convicted man back in Birsa Munda Jail. Why is this #Lalu nut out in the first place? https://t.co/CoQbRDgJAL"
"320",0,"@nk_satyam6 #Lalu ji betrayed.# Vote4BJP."
"321",0,"RT @ganeshmahnar: #Gopalganj Yadav voters are divided between #Lalu party, Sadhu party and NDA"
"322",0,"#Gopalganj Yadav voters are divided between #Lalu party, Sadhu party and NDA"
"323",0,"Gopalganj #Lalu hometown, but RJD may not open its account here"
"324",0,"RT @zaffsanjay: @girirajsinghbjp @sagenaradamuni @MehrTarar #last I head about #Mehar was wen she tweeted about #Sunanda &amp; she committed su‚Ä¶"
"325",-1,"RT @ATSpeaks: #ShivSena in Maharastra is equivalent to #RJD #Lalu in Bihar. Both exists to shame their states. @ShivSena @laluprasadrjd @Ad‚Ä¶"
"326",-1,"OMG! The mystery for Chicken or egg, who came first is solved.
https://t.co/eM6G7195uK 
https://t.co/yCZ9KexA3X
#lahoraazulpp521 #Lalu"
"327",-1,"#ShivSena in Maharastra is equivalent to #RJD #Lalu in Bihar. Both exists to shame their states. @ShivSena @laluprasadrjd @AdityaThackeray"
"328",0,"#‡§¨‡§ø‡§π‡§æ‡§∞‡•Ä_‡§π‡•ã_‡§§‡•Å‡§Æ - CharaChor #Lalu Ka #JungleRaj Khatm Karo, #Nitish Ka Ahankar Girao Aur #CongressMuktBihar Banao..... #JaiHind"
"329",-1,"#RT https://t.co/WklfgxPwLi trazijob ,hiring https://t.co/OXlyIxjQWT, #Lalu calls Modi India‚Äôs most incompetent P‚Ä¶ https://t.co/AJziDnyOG1"
"330",-1,"#RT https://t.co/B51JajOgnd trazijob ,hiring https://t.co/Zkc3xVNB5L, #Lalu calls Modi India‚Äôs most incompetent P‚Ä¶ https://t.co/jJ64kLN22T"
"331",-1,"#Lalu calls Modi India‚Äôs most incompetent PM #jobs #trazijob #career #jobsila #: Rajnagar (Madhubani): Dubbing... https://t.co/cRQBLNSQ29"
"332",0,"RT @hiteshmalviya51: #Lalu ‡§ï‡•á ‡§¶‡•ã ‡§Ö‡§®‡§Æ‡•ã‡§≤ ‡§∞‡§§‡§®... ‡§è‡§ï ‡§Æ‡•à‡§ü‡•ç‡§∞‡§ø‡§ï ‡§´‡§º‡•á‡§≤ ‡§§‡•ã ‡§è‡§ï ‡§¨‡•Ä‡§è ‡§´‡§º‡•á‡§≤ Ì†ΩÌ∏ÇÌ†ΩÌ∏Ç 
#BiharWithBJP #NamoInspiresMe #ModiRajInBihar https://t.co‚Ä¶"
"333",-1,"#Lalu calls Modi India‚Äôs most incompetent PM #jobs #money #work #: Rajnagar (Madhubani): Dubbing Narendra Modi... https://t.co/bBZqILY0KH"
"334",0,"#Modi #Lalu #BiharElection
‡§ù‡•Ç‡§† ‡§ï‡•Ä ‡§∞‡•ã‡§ü‡•Ä ‡§∏‡•á ‡§™‡•Ç‡§∞‡•á ‡§¶‡•á‡§∂ ‡§ï‡§æ ‡§™‡•á‡§ü ‡§≠‡§∞ ‡§∏‡§ï‡§§‡•á ‡§π‡•à‡§Ç ‡§Æ‡•ã‡§¶‡•Ä : ‡§≤‡§æ‡§≤‡•Ç... https://t.co/WVyK5JTnb8"
"335",0,"#Modi #Lalu #BiharElection
‡§≤‡§æ‡§≤‡•Ç ‡§ï‡§æ PM Modi ‡§™‡§∞ ‡§¨‡§°‡§º‡§æ ‡§π‡§Æ‡§≤‡§æ,‡§ï‡§π‡§æ ‡§Æ‡•à‡§Ç ‡§¨‡§ø‡§π‡§æ‡§∞ ‡§ï‡§æ ‡§∂‡•à‡§§‡§æ‡§® ‡§§‡•ã ‡§µ‡§π ‡§ó‡•Å‡§ú‡§∞‡§æ‡§§ ‡§ï‡§æ ‡§¨‡•ç‡§∞‡§π‡•ç‡§Æ ‡§™‡§ø‡§ö‡§æ‡§∂... https://t.co/8j971G7kVL"
"336",0,"RT @punjabkesari: #Bihar #BiharPolls #BiharElections #BJP #AmitShah #Modi #Lalu
#Cartoon of the day https://t.co/WBXLa6OyGl"
"337",0,"RT @Aneela_Nadar: This is Tit for Tat #Lalu ishtyle !!
#ModiBhagaoNitishJeetao 
#ModiBhagaoDeshBachao 
@Iffidel @gops333 @aawara_aatma http‚Ä¶"
"338",0,"RT @zaffsanjay: @girirajsinghbjp @sagenaradamuni @MehrTarar #last I head about #Mehar was wen she tweeted about #Sunanda &amp; she committed su‚Ä¶"
"339",0,"#BJP came2 #Bihar with #MadeInDelhi ship of #Parivartan,but on boats of DNA,#Jungle,Reservation,TantraMantra,#Lalu-#Nitish?#‡§¨‡§ø‡§π‡§æ‡§∞‡•Ä_‡§π‡•ã_‡§§‡•Å‡§Æ"
"340",-1,"RT @BobbyTangredi: big HBD to Ge.3 #limp1 #spikeball #fallball #quarterzips #lalu @truelaxer3 https://t.co/Ywy3IIhkKF"
"341",0,"RT @hiteshmalviya51: #Lalu ‡§ï‡•á ‡§¶‡•ã ‡§Ö‡§®‡§Æ‡•ã‡§≤ ‡§∞‡§§‡§®... ‡§è‡§ï ‡§Æ‡•à‡§ü‡•ç‡§∞‡§ø‡§ï ‡§´‡§º‡•á‡§≤ ‡§§‡•ã ‡§è‡§ï ‡§¨‡•Ä‡§è ‡§´‡§º‡•á‡§≤ Ì†ΩÌ∏ÇÌ†ΩÌ∏Ç 
#BiharWithBJP #NamoInspiresMe #ModiRajInBihar https://t.co‚Ä¶"
"342",0,"RT @hiteshmalviya51: #Lalu ‡§ï‡•á ‡§¶‡•ã ‡§Ö‡§®‡§Æ‡•ã‡§≤ ‡§∞‡§§‡§®... ‡§è‡§ï ‡§Æ‡•à‡§ü‡•ç‡§∞‡§ø‡§ï ‡§´‡§º‡•á‡§≤ ‡§§‡•ã ‡§è‡§ï ‡§¨‡•Ä‡§è ‡§´‡§º‡•á‡§≤ Ì†ΩÌ∏ÇÌ†ΩÌ∏Ç 
#BiharWithBJP #NamoInspiresMe #ModiRajInBihar https://t.co‚Ä¶"
"343",0,"RT @vishwa_ujjain: ‡§Ü‡§ú ‡§¨‡§ø‡§π‡§æ‡§∞ ‡§Æ‡•á‡§Ç ‡§ö‡•å‡§•‡•á ‡§ö‡§∞‡§£ ‡§ï‡§æ ‡§ö‡•Å‡§®‡§æ‡§µ, ‡§ú‡§∞‡•Ç‡§∞ ‡§°‡§æ‡§≤‡•á‡§Ç ‡§µ‡•ã‡§ü #BiharElections #BiharPolls #Bihar #BiharBattle #BJP #Lalu #MahaGathBandh‚Ä¶"
"344",-1,"#Lalu calls Modi India‚Äôs most incompetent PM #jobs #money #work #: Rajnagar (Madhubani): Dubbing Narendra Modi... https://t.co/Sl8BfGQXvg"
"345",-1,"#Lalu calls Modi India‚Äôs most incompetent PM #jobs #money #work #: Rajnagar (Madhubani): Dubbing Narendra Modi... https://t.co/rlXAIsaICu"
"346",0,"‡§Ü‡§ú ‡§¨‡§ø‡§π‡§æ‡§∞ ‡§Æ‡•á‡§Ç ‡§ö‡•å‡§•‡•á ‡§ö‡§∞‡§£ ‡§ï‡§æ ‡§ö‡•Å‡§®‡§æ‡§µ, ‡§ú‡§∞‡•Ç‡§∞ ‡§°‡§æ‡§≤‡•á‡§Ç ‡§µ‡•ã‡§ü #BiharElections #BiharPolls #Bihar #BiharBattle #BJP #Lalu #MahaGathBandhan"
"347",-2,"It is not that @INCIndia was any blessing but #Lalu was devil sent curse to Bihar. This corrupt man @laluprasadrjd has destroyed Bihar"
"348",0,"@girirajsinghbjp @sagenaradamuni @MehrTarar #last I head about #Mehar was wen she tweeted about #Sunanda &amp; she committed suicide&amp;now #Lalu Ì†ΩÌ∏ú"
"349",-1,"Corrupt politicians like #Lalu @laluprasadrjd &amp; similar start to believe falsely they becom God! Forget digging their own grave @NitishKumar"
"350",-1,"big HBD to Ge.3 #limp1 #spikeball #fallball #quarterzips #lalu @truelaxer3 https://t.co/Ywy3IIhkKF"
"351",-4,"#Lalu says ‚Äì Kalyugi Dhritarashtra is not only blind but also deaf &amp; dumb and coward. #Modi stands exposed all over the world."
"352",0,"RT @hiteshmalviya51: #Lalu ‡§ï‡•á ‡§¶‡•ã ‡§Ö‡§®‡§Æ‡•ã‡§≤ ‡§∞‡§§‡§®... ‡§è‡§ï ‡§Æ‡•à‡§ü‡•ç‡§∞‡§ø‡§ï ‡§´‡§º‡•á‡§≤ ‡§§‡•ã ‡§è‡§ï ‡§¨‡•Ä‡§è ‡§´‡§º‡•á‡§≤ Ì†ΩÌ∏ÇÌ†ΩÌ∏Ç 
#BiharWithBJP #NamoInspiresMe #ModiRajInBihar https://t.co‚Ä¶"
"353",0,"RT @cartoonisjagota: #threeidiots #Nitish #Lalu #Congress https://t.co/4gFMvzgSOj"
"354",0,"RT @hiteshmalviya51: #Lalu ‡§ï‡•á ‡§¶‡•ã ‡§Ö‡§®‡§Æ‡•ã‡§≤ ‡§∞‡§§‡§®... ‡§è‡§ï ‡§Æ‡•à‡§ü‡•ç‡§∞‡§ø‡§ï ‡§´‡§º‡•á‡§≤ ‡§§‡•ã ‡§è‡§ï ‡§¨‡•Ä‡§è ‡§´‡§º‡•á‡§≤ Ì†ΩÌ∏ÇÌ†ΩÌ∏Ç 
#BiharWithBJP #NamoInspiresMe #ModiRajInBihar https://t.co‚Ä¶"
"355",0,"RT @hiteshmalviya51: #Lalu ‡§ï‡•á ‡§¶‡•ã ‡§Ö‡§®‡§Æ‡•ã‡§≤ ‡§∞‡§§‡§®... ‡§è‡§ï ‡§Æ‡•à‡§ü‡•ç‡§∞‡§ø‡§ï ‡§´‡§º‡•á‡§≤ ‡§§‡•ã ‡§è‡§ï ‡§¨‡•Ä‡§è ‡§´‡§º‡•á‡§≤ Ì†ΩÌ∏ÇÌ†ΩÌ∏Ç 
#BiharWithBJP #NamoInspiresMe #ModiRajInBihar https://t.co‚Ä¶"
"356",0,"RT @hiteshmalviya51: #Lalu ‡§ï‡•á ‡§¶‡•ã ‡§Ö‡§®‡§Æ‡•ã‡§≤ ‡§∞‡§§‡§®... ‡§è‡§ï ‡§Æ‡•à‡§ü‡•ç‡§∞‡§ø‡§ï ‡§´‡§º‡•á‡§≤ ‡§§‡•ã ‡§è‡§ï ‡§¨‡•Ä‡§è ‡§´‡§º‡•á‡§≤ Ì†ΩÌ∏ÇÌ†ΩÌ∏Ç 
#BiharWithBJP #NamoInspiresMe #ModiRajInBihar https://t.co‚Ä¶"
"357",0,"RT @sa_saket: #Lalu ‡§µ‡§ø‡§ï‡§æ‡§∏ ‡§õ‡•ã‡§°‡§º ‡§ú‡§æ‡§§‡§ø,‡§Ü‡§∞‡§ï‡•ç‡§∑‡§£ ‡§™‡§∞ ‡§ö‡•Å‡§®‡§æ‡§µ ‡§≤‡§°‡§º ‡§∞‡§π‡•á‡§Ç ‡§π‡•à‡§Ç ‡§§‡•ã ‡§¨‡§§‡§æ‡§è‡§Ç ‡§ï‡•Ä ‡§µ‡•ã ‡§¶‡§≤‡§ø‡§§‡•ã‡§Ç-‡§™‡§ø‡§õ‡§°‡§º‡•ã ‡§ï‡§æ 5% ‡§Ü‡§∞‡§ï‡•ç‡§∑‡§£ ‡§Æ‡•Å‡§∏‡•ç‡§≤‡§ø‡§Æ‡•ã‡§Ç ‡§ï‡•ã ‡§ï‡•ç‡§Ø‡•ã‡§Ç ‡§¶‡•á‡§®‡§æ ‡§ö‡§æ‡§π‡§§‡•á ‚Ä¶"
"358",0,"RT @hiteshmalviya51: #Lalu ‡§ï‡•á ‡§¶‡•ã ‡§Ö‡§®‡§Æ‡•ã‡§≤ ‡§∞‡§§‡§®... ‡§è‡§ï ‡§Æ‡•à‡§ü‡•ç‡§∞‡§ø‡§ï ‡§´‡§º‡•á‡§≤ ‡§§‡•ã ‡§è‡§ï ‡§¨‡•Ä‡§è ‡§´‡§º‡•á‡§≤ Ì†ΩÌ∏ÇÌ†ΩÌ∏Ç 
#BiharWithBJP #NamoInspiresMe #ModiRajInBihar https://t.co‚Ä¶"
"359",0,"RT @hiteshmalviya51: #Lalu ‡§ï‡•á ‡§¶‡•ã ‡§Ö‡§®‡§Æ‡•ã‡§≤ ‡§∞‡§§‡§®... ‡§è‡§ï ‡§Æ‡•à‡§ü‡•ç‡§∞‡§ø‡§ï ‡§´‡§º‡•á‡§≤ ‡§§‡•ã ‡§è‡§ï ‡§¨‡•Ä‡§è ‡§´‡§º‡•á‡§≤ Ì†ΩÌ∏ÇÌ†ΩÌ∏Ç 
#BiharWithBJP #NamoInspiresMe #ModiRajInBihar https://t.co‚Ä¶"
"360",0,"RT @Aneela_Nadar: This is Tit for Tat #Lalu ishtyle !!
#ModiBhagaoNitishJeetao 
#ModiBhagaoDeshBachao 
@Iffidel @gops333 @aawara_aatma http‚Ä¶"
"361",0,"@laluprasadrjd @yadavtejashwi @MisaBharti #Lalu ‡§ï‡•á ‡§¶‡•ã ‡§Ö‡§®‡§Æ‡•ã‡§≤ ‡§∞‡§§‡§®... ‡§è‡§ï ‡§Æ‡•à‡§ü‡•ç‡§∞‡§ø‡§ï ‡§´‡§º‡•á‡§≤ ‡§§‡•ã ‡§è‡§ï ‡§¨‡•Ä‡§è ‡§´‡§º‡•á‡§≤ Ì†ΩÌ∏ÇÌ†ΩÌ∏Ç 
#BiharWithBJP https://t.co/a5zBiquTuB"
"362",0,"RT @hiteshmalviya51: #Lalu ‡§ï‡•á ‡§¶‡•ã ‡§Ö‡§®‡§Æ‡•ã‡§≤ ‡§∞‡§§‡§®... ‡§è‡§ï ‡§Æ‡•à‡§ü‡•ç‡§∞‡§ø‡§ï ‡§´‡§º‡•á‡§≤ ‡§§‡•ã ‡§è‡§ï ‡§¨‡•Ä‡§è ‡§´‡§º‡•á‡§≤ Ì†ΩÌ∏ÇÌ†ΩÌ∏Ç 
#BiharWithBJP #NamoInspiresMe #ModiRajInBihar https://t.co‚Ä¶"
"363",0,"RT @hiteshmalviya51: #Lalu ‡§ï‡•á ‡§¶‡•ã ‡§Ö‡§®‡§Æ‡•ã‡§≤ ‡§∞‡§§‡§®... ‡§è‡§ï ‡§Æ‡•à‡§ü‡•ç‡§∞‡§ø‡§ï ‡§´‡§º‡•á‡§≤ ‡§§‡•ã ‡§è‡§ï ‡§¨‡•Ä‡§è ‡§´‡§º‡•á‡§≤ Ì†ΩÌ∏ÇÌ†ΩÌ∏Ç 
#BiharWithBJP #NamoInspiresMe #ModiRajInBihar https://t.co‚Ä¶"
"364",0,"RT @hiteshmalviya51: #Lalu ‡§ï‡•á ‡§¶‡•ã ‡§Ö‡§®‡§Æ‡•ã‡§≤ ‡§∞‡§§‡§®... ‡§è‡§ï ‡§Æ‡•à‡§ü‡•ç‡§∞‡§ø‡§ï ‡§´‡§º‡•á‡§≤ ‡§§‡•ã ‡§è‡§ï ‡§¨‡•Ä‡§è ‡§´‡§º‡•á‡§≤ Ì†ΩÌ∏ÇÌ†ΩÌ∏Ç 
#BiharWithBJP #NamoInspiresMe #ModiRajInBihar https://t.co‚Ä¶"
"365",0,"RT @MediaVsIndia: Watching 56 inch chest #jumlababu picking fight with #Lalu instead of #Nitish.
#‡§Æ‡•ã‡§¶‡•Ä_‡§≤‡§æ‡§≤‡•Ç_‡§∏‡•á_‡§ú‡•ç‡§Ø‡§æ‡§¶‡§æ_‡§≠‡•ç‡§∞‡§∑‡•ç‡§ü_‡§π‡•à https://t.c‚Ä¶"
"366",0,"#India #PM #Modi #BihariWithModi #AccheDin #NDA #BJP #Bihar #BiharPolls #RSS #Patna #Lalu #Yadav #NitishKumar... https://t.co/eJuiUsdovs"
"367",0,"#India #PM #Modi #BihariWithModi #AccheDin #NDA #BJP #Bihar #BiharPolls #RSS #Patna #Lalu #Yadav #NitishKumar... https://t.co/yQpIWMRzCf"
"368",0,"#India #PM #Modi #BihariWithModi #AccheDin #NDA #BJP #Bihar #BiharPolls #RSS #Patna #Lalu #Yadav #NitishKumar... https://t.co/kdDYtTM0cu"
"369",0,"RT @MediaVsIndia: Watching 56 inch chest #jumlababu picking fight with #Lalu instead of #Nitish.
#‡§Æ‡•ã‡§¶‡•Ä_‡§≤‡§æ‡§≤‡•Ç_‡§∏‡•á_‡§ú‡•ç‡§Ø‡§æ‡§¶‡§æ_‡§≠‡•ç‡§∞‡§∑‡•ç‡§ü_‡§π‡•à https://t.c‚Ä¶"
"370",0,"RT @hiteshmalviya51: #Lalu ‡§ï‡•á ‡§¶‡•ã ‡§Ö‡§®‡§Æ‡•ã‡§≤ ‡§∞‡§§‡§®... ‡§è‡§ï ‡§Æ‡•à‡§ü‡•ç‡§∞‡§ø‡§ï ‡§´‡§º‡•á‡§≤ ‡§§‡•ã ‡§è‡§ï ‡§¨‡•Ä‡§è ‡§´‡§º‡•á‡§≤ Ì†ΩÌ∏ÇÌ†ΩÌ∏Ç 
#BiharWithBJP #NamoInspiresMe #ModiRajInBihar https://t.co‚Ä¶"
"371",0,"RT @hiteshmalviya51: #Lalu ‡§ï‡•á ‡§¶‡•ã ‡§Ö‡§®‡§Æ‡•ã‡§≤ ‡§∞‡§§‡§®... ‡§è‡§ï ‡§Æ‡•à‡§ü‡•ç‡§∞‡§ø‡§ï ‡§´‡§º‡•á‡§≤ ‡§§‡•ã ‡§è‡§ï ‡§¨‡•Ä‡§è ‡§´‡§º‡•á‡§≤ Ì†ΩÌ∏ÇÌ†ΩÌ∏Ç 
#BiharWithBJP #NamoInspiresMe #ModiRajInBihar https://t.co‚Ä¶"
"372",0,"RT @sa_saket: ‡§ö‡§æ‡§∞‡§æ ‡§ö‡•ã‡§∞ #Lalu ‡§ú‡§æ‡§®‡§§‡•á ‡§π‡•à‡§Ç ‡§ï‡•Ä #‡§¨‡§ø‡§π‡§æ‡§∞ ‡§ï‡§æ ‡§µ‡§ø‡§ï‡§æ‡§∏ ‡§ï‡§∞‡§®‡§æ ‡§â‡§®‡§ï‡•á ‡§¨‡§∏ ‡§ï‡•Ä ‡§¨‡§æ‡§§ ‡§®‡§π‡•Ä ‡§π‡•à ‡§á‡§∏‡§≤‡§ø‡§è #‡§µ‡§ø‡§ï‡§æ‡§∏ ‡§õ‡•ã‡§°‡§º ‡§∏‡§ø‡§∞‡•ç‡§´ ‡§ú‡§æ‡§§‡§ø ‡§î‡§∞ ‡§Ü‡§∞‡§ï‡•ç‡§∑‡§£ ‡§ï‡•Ä ‡§Æ‡§æ‡§≤‡§æ ‡§ú‡§™ ‡§∞‡§π‡•á ‚Ä¶"
"373",0,"RT @sa_saket: ‡§ö‡§æ‡§∞‡§æ ‡§ö‡•ã‡§∞ #Lalu ‡§®‡•á ‡§Ü‡§∞‡§ï‡•ç‡§∑‡§£ ‡§ï‡§æ‡§∞‡•ç‡§°, ‡§ú‡§æ‡§§‡§ø ‡§ï‡§æ‡§∞‡•ç‡§° ‡§ñ‡•á‡§≤‡§ï‡§∞ ‡§§‡•ã ‡§µ‡•ã‡§ü ‡§Æ‡§æ‡§Å‡§ó ‡§≤‡§ø‡§è ‡§¨‡§∏ #‡§¨‡§ø‡§π‡§æ‡§∞ ‡§ï‡•á ‡§µ‡§ø‡§ï‡§æ‡§∏ ‡§ï‡•Ä ‡§¨‡§æ‡§§ ‡§π‡•Ä ‡§®‡§π‡•Ä‡§Ç ‡§®‡§ø‡§ï‡§≤‡•Ä ‡§â‡§®‡§ï‡•á ‡§Æ‡•Å‡§Å‡§π ‡§∏‡•á #Vote4B‚Ä¶"
"374",0,"#Lalu ‡§µ‡§ø‡§ï‡§æ‡§∏ ‡§õ‡•ã‡•ú ‡§ú‡§æ‡§§‡§ø,‡§Ü‡§∞‡§ï‡•ç‡§∑‡§£ ‡§™‡§∞ ‡§ö‡•Å‡§®‡§æ‡§µ ‡§≤‡•ú ‡§∞‡§π‡•á‡§Ç ‡§π‡•à‡§Ç ‡§§‡•ã ‡§¨‡§§‡§æ‡§è‡§Ç ‡§ï‡•Ä ‡§µ‡•ã ‡§¶‡§≤‡§ø‡§§‡•ã‡§Ç-‡§™‡§ø‡§õ‡•ú‡•ã ‡§ï‡§æ 5% ‡§Ü‡§∞‡§ï‡•ç‡§∑‡§£ ‡§Æ‡•Å‡§∏‡•ç‡§≤‡§ø‡§Æ‡•ã‡§Ç ‡§ï‡•ã ‡§ï‡•ç‡§Ø‡•ã‡§Ç ‡§¶‡•á‡§®‡§æ ‡§ö‡§æ‡§π‡§§‡•á ‡§π‡•à‡§Ç #Vote4BJP"
"375",0,"RT @MediaVsIndia: Watching 56 inch chest #jumlababu picking fight with #Lalu instead of #Nitish.
#‡§Æ‡•ã‡§¶‡•Ä_‡§≤‡§æ‡§≤‡•Ç_‡§∏‡•á_‡§ú‡•ç‡§Ø‡§æ‡§¶‡§æ_‡§≠‡•ç‡§∞‡§∑‡•ç‡§ü_‡§π‡•à https://t.c‚Ä¶"
"376",0,"RT @MediaVsIndia: Watching 56 inch chest #jumlababu picking fight with #Lalu instead of #Nitish.
#‡§Æ‡•ã‡§¶‡•Ä_‡§≤‡§æ‡§≤‡•Ç_‡§∏‡•á_‡§ú‡•ç‡§Ø‡§æ‡§¶‡§æ_‡§≠‡•ç‡§∞‡§∑‡•ç‡§ü_‡§π‡•à https://t.c‚Ä¶"
"377",0,"RT @hiteshmalviya51: #Lalu ‡§ï‡•á ‡§¶‡•ã ‡§Ö‡§®‡§Æ‡•ã‡§≤ ‡§∞‡§§‡§®... ‡§è‡§ï ‡§Æ‡•à‡§ü‡•ç‡§∞‡§ø‡§ï ‡§´‡§º‡•á‡§≤ ‡§§‡•ã ‡§è‡§ï ‡§¨‡•Ä‡§è ‡§´‡§º‡•á‡§≤ Ì†ΩÌ∏ÇÌ†ΩÌ∏Ç 
#BiharWithBJP #NamoInspiresMe #ModiRajInBihar https://t.co‚Ä¶"
"378",0,"‡§ï‡•å‡§Ü-‡§ï‡§¨‡•Ç‡§§‡§∞ ‡§ï‡§ü‡§µ‡§æ‡§®‡•á ‡§∏‡•á ‡§®‡§π‡•Ä‡§Ç ‡§π‡•ã‡§ó‡§æ ‡§µ‡§ø‡§ï‡§æ‡§∏ : ‡§∂‡§æ‡§π
#bihar #election #shah #lalu https://t.co/cLPzvBjNHS"
"379",0,"RT @hiteshmalviya51: #Lalu ‡§ï‡•á ‡§¶‡•ã ‡§Ö‡§®‡§Æ‡•ã‡§≤ ‡§∞‡§§‡§®... ‡§è‡§ï ‡§Æ‡•à‡§ü‡•ç‡§∞‡§ø‡§ï ‡§´‡§º‡•á‡§≤ ‡§§‡•ã ‡§è‡§ï ‡§¨‡•Ä‡§è ‡§´‡§º‡•á‡§≤ Ì†ΩÌ∏ÇÌ†ΩÌ∏Ç 
#BiharWithBJP #NamoInspiresMe #ModiRajInBihar https://t.co‚Ä¶"
"380",0,"@dhaval241086 Even #Lalu is better than evil couple"
"381",0,"RT @hiteshmalviya51: #Lalu ‡§ï‡•á ‡§¶‡•ã ‡§Ö‡§®‡§Æ‡•ã‡§≤ ‡§∞‡§§‡§®... ‡§è‡§ï ‡§Æ‡•à‡§ü‡•ç‡§∞‡§ø‡§ï ‡§´‡§º‡•á‡§≤ ‡§§‡•ã ‡§è‡§ï ‡§¨‡•Ä‡§è ‡§´‡§º‡•á‡§≤ Ì†ΩÌ∏ÇÌ†ΩÌ∏Ç 
#BiharWithBJP #NamoInspiresMe #ModiRajInBihar https://t.co‚Ä¶"
"382",0,"RT @Aneela_Nadar: This is Tit for Tat #Lalu ishtyle !!
#ModiBhagaoNitishJeetao 
#ModiBhagaoDeshBachao 
@Iffidel @gops333 @aawara_aatma http‚Ä¶"
"383",0,"RT @hiteshmalviya51: #Lalu ‡§ï‡•á ‡§¶‡•ã ‡§Ö‡§®‡§Æ‡•ã‡§≤ ‡§∞‡§§‡§®... ‡§è‡§ï ‡§Æ‡•à‡§ü‡•ç‡§∞‡§ø‡§ï ‡§´‡§º‡•á‡§≤ ‡§§‡•ã ‡§è‡§ï ‡§¨‡•Ä‡§è ‡§´‡§º‡•á‡§≤ Ì†ΩÌ∏ÇÌ†ΩÌ∏Ç 
#BiharWithBJP #NamoInspiresMe #ModiRajInBihar https://t.co‚Ä¶"
"384",0,"RT @hiteshmalviya51: #Lalu ‡§ï‡•á ‡§¶‡•ã ‡§Ö‡§®‡§Æ‡•ã‡§≤ ‡§∞‡§§‡§®... ‡§è‡§ï ‡§Æ‡•à‡§ü‡•ç‡§∞‡§ø‡§ï ‡§´‡§º‡•á‡§≤ ‡§§‡•ã ‡§è‡§ï ‡§¨‡•Ä‡§è ‡§´‡§º‡•á‡§≤ Ì†ΩÌ∏ÇÌ†ΩÌ∏Ç 
#BiharWithBJP #NamoInspiresMe #ModiRajInBihar https://t.co‚Ä¶"
"385",0,"RT @hiteshmalviya51: #Lalu ‡§ï‡•á ‡§¶‡•ã ‡§Ö‡§®‡§Æ‡•ã‡§≤ ‡§∞‡§§‡§®... ‡§è‡§ï ‡§Æ‡•à‡§ü‡•ç‡§∞‡§ø‡§ï ‡§´‡§º‡•á‡§≤ ‡§§‡•ã ‡§è‡§ï ‡§¨‡•Ä‡§è ‡§´‡§º‡•á‡§≤ Ì†ΩÌ∏ÇÌ†ΩÌ∏Ç 
#BiharWithBJP #NamoInspiresMe #ModiRajInBihar https://t.co‚Ä¶"
"386",0,"RT @hiteshmalviya51: #Lalu ‡§ï‡•á ‡§¶‡•ã ‡§Ö‡§®‡§Æ‡•ã‡§≤ ‡§∞‡§§‡§®... ‡§è‡§ï ‡§Æ‡•à‡§ü‡•ç‡§∞‡§ø‡§ï ‡§´‡§º‡•á‡§≤ ‡§§‡•ã ‡§è‡§ï ‡§¨‡•Ä‡§è ‡§´‡§º‡•á‡§≤ Ì†ΩÌ∏ÇÌ†ΩÌ∏Ç 
#BiharWithBJP #NamoInspiresMe #ModiRajInBihar https://t.co‚Ä¶"
"387",0,"RT @hiteshmalviya51: #Lalu ‡§ï‡•á ‡§¶‡•ã ‡§Ö‡§®‡§Æ‡•ã‡§≤ ‡§∞‡§§‡§®... ‡§è‡§ï ‡§Æ‡•à‡§ü‡•ç‡§∞‡§ø‡§ï ‡§´‡§º‡•á‡§≤ ‡§§‡•ã ‡§è‡§ï ‡§¨‡•Ä‡§è ‡§´‡§º‡•á‡§≤ Ì†ΩÌ∏ÇÌ†ΩÌ∏Ç 
#BiharWithBJP #NamoInspiresMe #ModiRajInBihar https://t.co‚Ä¶"
"388",0,"RT @hiteshmalviya51: #Lalu ‡§ï‡•á ‡§¶‡•ã ‡§Ö‡§®‡§Æ‡•ã‡§≤ ‡§∞‡§§‡§®... ‡§è‡§ï ‡§Æ‡•à‡§ü‡•ç‡§∞‡§ø‡§ï ‡§´‡§º‡•á‡§≤ ‡§§‡•ã ‡§è‡§ï ‡§¨‡•Ä‡§è ‡§´‡§º‡•á‡§≤ Ì†ΩÌ∏ÇÌ†ΩÌ∏Ç 
#BiharWithBJP #NamoInspiresMe #ModiRajInBihar https://t.co‚Ä¶"
"389",0,"RT @hiteshmalviya51: #Lalu ‡§ï‡•á ‡§¶‡•ã ‡§Ö‡§®‡§Æ‡•ã‡§≤ ‡§∞‡§§‡§®... ‡§è‡§ï ‡§Æ‡•à‡§ü‡•ç‡§∞‡§ø‡§ï ‡§´‡§º‡•á‡§≤ ‡§§‡•ã ‡§è‡§ï ‡§¨‡•Ä‡§è ‡§´‡§º‡•á‡§≤ Ì†ΩÌ∏ÇÌ†ΩÌ∏Ç 
#BiharWithBJP #NamoInspiresMe #ModiRajInBihar https://t.co‚Ä¶"
"390",0,"RT @hiteshmalviya51: #Lalu ‡§ï‡•á ‡§¶‡•ã ‡§Ö‡§®‡§Æ‡•ã‡§≤ ‡§∞‡§§‡§®... ‡§è‡§ï ‡§Æ‡•à‡§ü‡•ç‡§∞‡§ø‡§ï ‡§´‡§º‡•á‡§≤ ‡§§‡•ã ‡§è‡§ï ‡§¨‡•Ä‡§è ‡§´‡§º‡•á‡§≤ Ì†ΩÌ∏ÇÌ†ΩÌ∏Ç 
#BiharWithBJP #NamoInspiresMe #ModiRajInBihar https://t.co‚Ä¶"
"391",-3,"@laluprasadrjd you are a criminal. That's alright. But you're a shameless moron. What a shame. ! #lalu"
"392",0,"RT @hiteshmalviya51: #Lalu ‡§ï‡•á ‡§¶‡•ã ‡§Ö‡§®‡§Æ‡•ã‡§≤ ‡§∞‡§§‡§®... ‡§è‡§ï ‡§Æ‡•à‡§ü‡•ç‡§∞‡§ø‡§ï ‡§´‡§º‡•á‡§≤ ‡§§‡•ã ‡§è‡§ï ‡§¨‡•Ä‡§è ‡§´‡§º‡•á‡§≤ Ì†ΩÌ∏ÇÌ†ΩÌ∏Ç 
#BiharWithBJP #NamoInspiresMe #ModiRajInBihar https://t.co‚Ä¶"
"393",0,"RT @hiteshmalviya51: #Lalu ‡§ï‡•á ‡§¶‡•ã ‡§Ö‡§®‡§Æ‡•ã‡§≤ ‡§∞‡§§‡§®... ‡§è‡§ï ‡§Æ‡•à‡§ü‡•ç‡§∞‡§ø‡§ï ‡§´‡§º‡•á‡§≤ ‡§§‡•ã ‡§è‡§ï ‡§¨‡•Ä‡§è ‡§´‡§º‡•á‡§≤ Ì†ΩÌ∏ÇÌ†ΩÌ∏Ç 
#BiharWithBJP #NamoInspiresMe #ModiRajInBihar https://t.co‚Ä¶"
"394",0,"RT @hiteshmalviya51: #Lalu ‡§ï‡•á ‡§¶‡•ã ‡§Ö‡§®‡§Æ‡•ã‡§≤ ‡§∞‡§§‡§®... ‡§è‡§ï ‡§Æ‡•à‡§ü‡•ç‡§∞‡§ø‡§ï ‡§´‡§º‡•á‡§≤ ‡§§‡•ã ‡§è‡§ï ‡§¨‡•Ä‡§è ‡§´‡§º‡•á‡§≤ Ì†ΩÌ∏ÇÌ†ΩÌ∏Ç 
#BiharWithBJP #NamoInspiresMe #ModiRajInBihar https://t.co‚Ä¶"
"395",0,"RT @bunty68817: #Lalu ‡§ï‡•á ‡§¶‡•ã ‡§Ö‡§®‡§Æ‡•ã‡§≤ ‡§∞‡§§‡§®... ‡§è‡§ï ‡§Æ‡•à‡§ü‡•ç‡§∞‡§ø‡§ï ‡§´‡§º‡•á‡§≤ ‡§§‡•ã ‡§è‡§ï ‡§¨‡•Ä‡§è ‡§´‡§º‡•á‡§≤ Ì†ΩÌ∏ÇÌ†ΩÌ∏Ç @laluprasadrjd https://t.co/6dVFRRpw3h"
"396",0,"@laluprasadrjd #lalu g aap litteracy ki bt na karo toh sahi h 
Modi g dnt need to heir a tutor 4r english uh need to do that"
"397",0,"#Lalu ‡§ï‡•á ‡§¶‡•ã ‡§Ö‡§®‡§Æ‡•ã‡§≤ ‡§∞‡§§‡§®... ‡§è‡§ï ‡§Æ‡•à‡§ü‡•ç‡§∞‡§ø‡§ï ‡§´‡§º‡•á‡§≤ ‡§§‡•ã ‡§è‡§ï ‡§¨‡•Ä‡§è ‡§´‡§º‡•á‡§≤ Ì†ΩÌ∏ÇÌ†ΩÌ∏Ç @laluprasadrjd https://t.co/6dVFRRpw3h"
"398",0,"RT @hiteshmalviya51: #Lalu ‡§ï‡•á ‡§¶‡•ã ‡§Ö‡§®‡§Æ‡•ã‡§≤ ‡§∞‡§§‡§®... ‡§è‡§ï ‡§Æ‡•à‡§ü‡•ç‡§∞‡§ø‡§ï ‡§´‡§º‡•á‡§≤ ‡§§‡•ã ‡§è‡§ï ‡§¨‡•Ä‡§è ‡§´‡§º‡•á‡§≤ Ì†ΩÌ∏ÇÌ†ΩÌ∏Ç 
#BiharWithBJP #NamoInspiresMe #ModiRajInBihar https://t.co‚Ä¶"
"399",0,"RT @Aneela_Nadar: This is Tit for Tat #Lalu ishtyle !!
#ModiBhagaoNitishJeetao 
#ModiBhagaoDeshBachao 
@Iffidel @gops333 @aawara_aatma http‚Ä¶"
"400",0,"RT @hiteshmalviya51: #Lalu ‡§ï‡•á ‡§¶‡•ã ‡§Ö‡§®‡§Æ‡•ã‡§≤ ‡§∞‡§§‡§®... ‡§è‡§ï ‡§Æ‡•à‡§ü‡•ç‡§∞‡§ø‡§ï ‡§´‡§º‡•á‡§≤ ‡§§‡•ã ‡§è‡§ï ‡§¨‡•Ä‡§è ‡§´‡§º‡•á‡§≤ Ì†ΩÌ∏ÇÌ†ΩÌ∏Ç 
#BiharWithBJP #NamoInspiresMe #ModiRajInBihar https://t.co‚Ä¶"
"401",0,"Nxt #Lalu: e joun #bihar ka pichadapan haiel,E hamare vajah se naahi hai.E to #SardarPatel kar ke gayel hai.E bihar ko diliya se milye chahi"
"402",0,"RT @hiteshmalviya51: #Lalu ‡§ï‡•á ‡§¶‡•ã ‡§Ö‡§®‡§Æ‡•ã‡§≤ ‡§∞‡§§‡§®... ‡§è‡§ï ‡§Æ‡•à‡§ü‡•ç‡§∞‡§ø‡§ï ‡§´‡§º‡•á‡§≤ ‡§§‡•ã ‡§è‡§ï ‡§¨‡•Ä‡§è ‡§´‡§º‡•á‡§≤ Ì†ΩÌ∏ÇÌ†ΩÌ∏Ç 
#BiharWithBJP #NamoInspiresMe #ModiRajInBihar https://t.co‚Ä¶"
"403",0,"RT @hiteshmalviya51: #Lalu ‡§ï‡•á ‡§¶‡•ã ‡§Ö‡§®‡§Æ‡•ã‡§≤ ‡§∞‡§§‡§®... ‡§è‡§ï ‡§Æ‡•à‡§ü‡•ç‡§∞‡§ø‡§ï ‡§´‡§º‡•á‡§≤ ‡§§‡•ã ‡§è‡§ï ‡§¨‡•Ä‡§è ‡§´‡§º‡•á‡§≤ Ì†ΩÌ∏ÇÌ†ΩÌ∏Ç 
#BiharWithBJP #NamoInspiresMe #ModiRajInBihar https://t.co‚Ä¶"
"404",0,"RT @Aneela_Nadar: This is Tit for Tat #Lalu ishtyle !!
#ModiBhagaoNitishJeetao 
#ModiBhagaoDeshBachao 
@Iffidel @gops333 @aawara_aatma http‚Ä¶"
"405",0,"RT @hiteshmalviya51: #Lalu ‡§ï‡•á ‡§¶‡•ã ‡§Ö‡§®‡§Æ‡•ã‡§≤ ‡§∞‡§§‡§®... ‡§è‡§ï ‡§Æ‡•à‡§ü‡•ç‡§∞‡§ø‡§ï ‡§´‡§º‡•á‡§≤ ‡§§‡•ã ‡§è‡§ï ‡§¨‡•Ä‡§è ‡§´‡§º‡•á‡§≤ Ì†ΩÌ∏ÇÌ†ΩÌ∏Ç 
#BiharWithBJP #NamoInspiresMe #ModiRajInBihar https://t.co‚Ä¶"
"406",0,"RT @hiteshmalviya51: #Lalu ‡§ï‡•á ‡§¶‡•ã ‡§Ö‡§®‡§Æ‡•ã‡§≤ ‡§∞‡§§‡§®... ‡§è‡§ï ‡§Æ‡•à‡§ü‡•ç‡§∞‡§ø‡§ï ‡§´‡§º‡•á‡§≤ ‡§§‡•ã ‡§è‡§ï ‡§¨‡•Ä‡§è ‡§´‡§º‡•á‡§≤ Ì†ΩÌ∏ÇÌ†ΩÌ∏Ç 
#BiharWithBJP #NamoInspiresMe #ModiRajInBihar https://t.co‚Ä¶"
"407",0,"RT @Aneela_Nadar: This is Tit for Tat #Lalu ishtyle !!
#ModiBhagaoNitishJeetao 
#ModiBhagaoDeshBachao 
@Iffidel @gops333 @aawara_aatma http‚Ä¶"
"408",0,"RT @hiteshmalviya51: #Lalu ‡§ï‡•á ‡§¶‡•ã ‡§Ö‡§®‡§Æ‡•ã‡§≤ ‡§∞‡§§‡§®... ‡§è‡§ï ‡§Æ‡•à‡§ü‡•ç‡§∞‡§ø‡§ï ‡§´‡§º‡•á‡§≤ ‡§§‡•ã ‡§è‡§ï ‡§¨‡•Ä‡§è ‡§´‡§º‡•á‡§≤ Ì†ΩÌ∏ÇÌ†ΩÌ∏Ç 
#BiharWithBJP #NamoInspiresMe #ModiRajInBihar https://t.co‚Ä¶"
"409",0,"RT @Aneela_Nadar: This is Tit for Tat #Lalu ishtyle !!
#ModiBhagaoNitishJeetao 
#ModiBhagaoDeshBachao 
@Iffidel @gops333 @aawara_aatma http‚Ä¶"
"410",0,"RT @hiteshmalviya51: #Lalu ‡§ï‡•á ‡§¶‡•ã ‡§Ö‡§®‡§Æ‡•ã‡§≤ ‡§∞‡§§‡§®... ‡§è‡§ï ‡§Æ‡•à‡§ü‡•ç‡§∞‡§ø‡§ï ‡§´‡§º‡•á‡§≤ ‡§§‡•ã ‡§è‡§ï ‡§¨‡•Ä‡§è ‡§´‡§º‡•á‡§≤ Ì†ΩÌ∏ÇÌ†ΩÌ∏Ç 
#BiharWithBJP #NamoInspiresMe #ModiRajInBihar https://t.co‚Ä¶"
"411",0,"RT @hiteshmalviya51: #Lalu ‡§ï‡•á ‡§¶‡•ã ‡§Ö‡§®‡§Æ‡•ã‡§≤ ‡§∞‡§§‡§®... ‡§è‡§ï ‡§Æ‡•à‡§ü‡•ç‡§∞‡§ø‡§ï ‡§´‡§º‡•á‡§≤ ‡§§‡•ã ‡§è‡§ï ‡§¨‡•Ä‡§è ‡§´‡§º‡•á‡§≤ Ì†ΩÌ∏ÇÌ†ΩÌ∏Ç 
#BiharWithBJP #NamoInspiresMe #ModiRajInBihar https://t.co‚Ä¶"
"412",1,"RT @bhadra_nvs: @vanichandra2010 #Lalu was the 1st Original #Bhagoda of India. Later #Fekriwal dethroned him. Nw less said the better"
"413",0,"RT @hiteshmalviya51: #Lalu ‡§ï‡•á ‡§¶‡•ã ‡§Ö‡§®‡§Æ‡•ã‡§≤ ‡§∞‡§§‡§®... ‡§è‡§ï ‡§Æ‡•à‡§ü‡•ç‡§∞‡§ø‡§ï ‡§´‡§º‡•á‡§≤ ‡§§‡•ã ‡§è‡§ï ‡§¨‡•Ä‡§è ‡§´‡§º‡•á‡§≤ Ì†ΩÌ∏ÇÌ†ΩÌ∏Ç 
#BiharWithBJP #NamoInspiresMe #ModiRajInBihar https://t.co‚Ä¶"
"414",0,"RT @hiteshmalviya51: #Lalu ‡§ï‡•á ‡§¶‡•ã ‡§Ö‡§®‡§Æ‡•ã‡§≤ ‡§∞‡§§‡§®... ‡§è‡§ï ‡§Æ‡•à‡§ü‡•ç‡§∞‡§ø‡§ï ‡§´‡§º‡•á‡§≤ ‡§§‡•ã ‡§è‡§ï ‡§¨‡•Ä‡§è ‡§´‡§º‡•á‡§≤ Ì†ΩÌ∏ÇÌ†ΩÌ∏Ç 
#BiharWithBJP #NamoInspiresMe #ModiRajInBihar https://t.co‚Ä¶"
"415",0,"Fail to understand logic in promoting #Lalu+clan by #CONgress n #Press alike. Wats their contribution Xcpt ‡§ö‡§æ‡§∞‡§æ? https://t.co/BNkEAXpfVz"
"416",0,"@tsuchiyagin @panda_desu tapi tangannya tampak kuat untuk menggendong #lalu"
"417",0,"RT @hiteshmalviya51: #Lalu ‡§ï‡•á ‡§¶‡•ã ‡§Ö‡§®‡§Æ‡•ã‡§≤ ‡§∞‡§§‡§®... ‡§è‡§ï ‡§Æ‡•à‡§ü‡•ç‡§∞‡§ø‡§ï ‡§´‡§º‡•á‡§≤ ‡§§‡•ã ‡§è‡§ï ‡§¨‡•Ä‡§è ‡§´‡§º‡•á‡§≤ Ì†ΩÌ∏ÇÌ†ΩÌ∏Ç 
#BiharWithBJP #NamoInspiresMe #ModiRajInBihar https://t.co‚Ä¶"
"418",0,"RT @hiteshmalviya51: #Lalu ‡§ï‡•á ‡§¶‡•ã ‡§Ö‡§®‡§Æ‡•ã‡§≤ ‡§∞‡§§‡§®... ‡§è‡§ï ‡§Æ‡•à‡§ü‡•ç‡§∞‡§ø‡§ï ‡§´‡§º‡•á‡§≤ ‡§§‡•ã ‡§è‡§ï ‡§¨‡•Ä‡§è ‡§´‡§º‡•á‡§≤ Ì†ΩÌ∏ÇÌ†ΩÌ∏Ç 
#BiharWithBJP #NamoInspiresMe #ModiRajInBihar https://t.co‚Ä¶"
"419",0,"RT @hiteshmalviya51: #Lalu ‡§ï‡•á ‡§¶‡•ã ‡§Ö‡§®‡§Æ‡•ã‡§≤ ‡§∞‡§§‡§®... ‡§è‡§ï ‡§Æ‡•à‡§ü‡•ç‡§∞‡§ø‡§ï ‡§´‡§º‡•á‡§≤ ‡§§‡•ã ‡§è‡§ï ‡§¨‡•Ä‡§è ‡§´‡§º‡•á‡§≤ Ì†ΩÌ∏ÇÌ†ΩÌ∏Ç 
#BiharWithBJP #NamoInspiresMe #ModiRajInBihar https://t.co‚Ä¶"
"420",0,"RT @hiteshmalviya51: #Lalu ‡§ï‡•á ‡§¶‡•ã ‡§Ö‡§®‡§Æ‡•ã‡§≤ ‡§∞‡§§‡§®... ‡§è‡§ï ‡§Æ‡•à‡§ü‡•ç‡§∞‡§ø‡§ï ‡§´‡§º‡•á‡§≤ ‡§§‡•ã ‡§è‡§ï ‡§¨‡•Ä‡§è ‡§´‡§º‡•á‡§≤ Ì†ΩÌ∏ÇÌ†ΩÌ∏Ç 
#BiharWithBJP #NamoInspiresMe #ModiRajInBihar https://t.co‚Ä¶"
"421",0,"RT @Aneela_Nadar: This is Tit for Tat #Lalu ishtyle !!
#ModiBhagaoNitishJeetao 
#ModiBhagaoDeshBachao 
@Iffidel @gops333 @aawara_aatma http‚Ä¶"
"422",1,"@vanichandra2010 #Lalu was the 1st Original #Bhagoda of India. Later #Fekriwal dethroned him. Nw less said the better"
"423",0,"RT @hiteshmalviya51: #Lalu ‡§ï‡•á ‡§¶‡•ã ‡§Ö‡§®‡§Æ‡•ã‡§≤ ‡§∞‡§§‡§®... ‡§è‡§ï ‡§Æ‡•à‡§ü‡•ç‡§∞‡§ø‡§ï ‡§´‡§º‡•á‡§≤ ‡§§‡•ã ‡§è‡§ï ‡§¨‡•Ä‡§è ‡§´‡§º‡•á‡§≤ Ì†ΩÌ∏ÇÌ†ΩÌ∏Ç 
#BiharWithBJP #NamoInspiresMe #ModiRajInBihar https://t.co‚Ä¶"
"424",0,"#Nitish, #Lalu want to make Bihar a Pakistan: Giriraj Singh https://t.co/8TdUoBaTff via @EEnadu"
"425",0,"#Lalu ‡§ï‡•á ‡§¶‡•ã ‡§Ö‡§®‡§Æ‡•ã‡§≤ ‡§∞‡§§‡§®... ‡§è‡§ï ‡§Æ‡•à‡§ü‡•ç‡§∞‡§ø‡§ï ‡§´‡§º‡•á‡§≤ ‡§§‡•ã ‡§è‡§ï ‡§¨‡•Ä‡§è ‡§´‡§º‡•á‡§≤ Ì†ΩÌ∏ÇÌ†ΩÌ∏Ç 
#BiharWithBJP #NamoInspiresMe #ModiRajInBihar https://t.co/pqNCljyY0y"
"426",0,"Birthday shoutout to the roommate @MMarvin22! Coach 'em up today. #LaLu"
"427",0,"RT @ShadowReporter: Two FIRs filed against #Lalu for his remarks against narendramodi , AmitShah https://t.co/ol7QX8gg5M https://t.co/eZP6Z‚Ä¶"
"428",0,"Two FIRs filed against #Lalu for his remarks against narendramodi , AmitShah https://t.co/ol7QX8gg5M https://t.co/eZP6ZVP3Gu #SR"
"429",0,"Two FIRs filed against #Lalu for his remarks against @narendramodi , @AmitShah https://t.co/xUhuxh9pCV https://t.co/foA0hy4zcr"
"430",0,"#India #PM #Modi #BihariWithModi #AccheDin #NDA #BJP #Bihar #BiharPolls #RSS #Patna #Lalu #Yadav #NitishKumar... https://t.co/hGRHppPXUB"
"431",0,"#India #PM #Modi #BihariWithModi #AccheDin #NDA #BJP #Bihar #BiharPolls #RSS #Patna #Lalu #Yadav #NitishKumar... https://t.co/RpidyNRcTx"
"432",0,"RT @sdevprasad: Supporting @NitishKumar DIrectly or Indirectly U supported Corrupts Lyk Congress &amp; #lalu .U Cheated wit lakhs Of Vol Mr @Ar‚Ä¶"
"433",0,"‡§ò‡•ã‡§ü‡§æ‡§≤‡•á‡§¨‡§æ‡§ú‡•ã‡§Ç ‡§ï‡•á ‡§ò‡•ã‡§ü‡§æ‡§≤‡§æ‡§¨‡§æ‡§ú ‡§π‡•à‡§Ç ‡§®‡§∞‡•á‡§®‡•ç‡§¶‡•ç‡§∞ ‡§Æ‡•ã‡§¶‡•Ä https://t.co/cFXZLTmxTL #Lalu #NarendraModi #BiharElection"
"434",-1,"#BJP-led NDA set to lose 2015 #Biharpolls: #AAP https://t.co/MwXbjLe2Cq #Modi #Kejriwal #Nitish #JDU #Lalu #Bihar"
"435",0,"#BiharElections: Is #NitishKumar  ad in #Pakistan‚Äôs #Dawn a #conspiracy, asks #BJP https://t.co/OWreadKZES #Bihar #JDU #RJD #Congress #Lalu"
"436",-2,"@pkm370 @rizwanrizi6 @NitishKumar @Kailashsaran73 @DrunkVinodMehta #AK49, #Pappu #Lalu #Nitish ‡§ï‡•ç‡§Ø‡§æ ‡§∏‡§Æ‡§æ‡§ú ‡§∏‡•á‡§µ‡§æ ‡§ï‡§∞ ‡§∞‡§π‡•á ‡§π‡•à‡§Ç #Selfish Blind"
"437",0,"Supporting @NitishKumar DIrectly or Indirectly U supported Corrupts Lyk Congress &amp; #lalu .U Cheated wit lakhs Of Vol Mr @ArvindKejriwal"
"438",1,"Ready to debate on #reservation: #NitishKumar tells PM #NarendraModi https://t.co/dQhh08Ej5g #Modi #BJP #JDU #Lalu #RJD #BiharElections"
"439",0,"RT @Aneela_Nadar: This is Tit for Tat #Lalu ishtyle !!
#ModiBhagaoNitishJeetao 
#ModiBhagaoDeshBachao 
@Iffidel @gops333 @aawara_aatma http‚Ä¶"
"440",0,"#Modi #Lalu #BiharElection
‡§≤‡§æ‡§≤‡•Ç ‡§ï‡§æ PM Modi ‡§™‡§∞ ‡§¨‡§°‡§º‡§æ ‡§π‡§Æ‡§≤‡§æ,‡§ï‡§π‡§æ ‡§Æ‡•à‡§Ç ‡§¨‡§ø‡§π‡§æ‡§∞ ‡§ï‡§æ ‡§∂‡•à‡§§‡§æ‡§® ‡§§‡•ã ‡§µ‡§π ‡§ó‡•Å‡§ú‡§∞‡§æ‡§§ ‡§ï‡§æ ‡§¨‡•ç‡§∞‡§π‡•ç‡§Æ ‡§™‡§ø‡§ö‡§æ‡§∂... https://t.co/6FgwHFFeQ3"
"441",0,"‡§¶‡•á‡§∂ ‡§ï‡•ã ‡§≤‡•Ç‡§ü‡§®‡•á ‡§µ‡§æ‡§≤‡•á ‡§ï‡§∞‡•ç‡§∞‡§™‡•ç‡§ü ‡§è‡§µ‡§Ç ‡§≤‡•Ç‡§ü‡•á‡§∞‡•ã ‡§ï‡•á ‡§µ‡§´‡§æ‡§¶‡§æ‡§∞ ‡§ú‡•ç‡§Ø‡§æ‡§¶‡•á ‡§π‡•ã‡§§‡•á ‡§π‡•à‡•§ #Lalu

‡§à‡§Æ‡§æ‡§®‡§¶‡§æ‡§∞ ‡§ï‡•á ‡§∏‡§æ‡§• ‡§ï‡•á‡§µ‡§≤ ‡§¶‡•á‡§∂‡§≠‡§ï‡•ç‡§§ ‡§π‡•ã‡§§‡•á ‡§π‡•à‡•§  https://t.co/2dozjuypQb"
"442",0,"#lalu #NarendraModi 
‡§Æ‡•ã‡§¶‡•Ä ‡§ò‡•ã‡§ü‡§æ‡§≤‡•ã‡§Ç ‡§ï‡•á ‡§∏‡§Ç‡§Ø‡•ã‡§ú‡§ï : ‡§≤‡§æ‡§≤‡•Ç
https://t.co/2zu3IvZE4t"
"443",0,"Ketika matahari akan terbenam. #lalu ? https://t.co/uEa5SBHsWl"
"444",0,"#BattleForBihar #BiharElections #BiharPolls #BiharBattle #BJP #NitishKumar #lalu  https://t.co/mbPTVLjxU7"
"445",2,"@NitishKumar You Are A very Good #CM of Bihar . No daout ! But How Can You Work With #Lalu ( Jangal Raj vs Susasan ). Like As Sky &amp; Earth :("
"446",0,"‡§∞‡§æ‡§ú‡§ó ‡§ï‡•Ä ‡§∏‡§∞‡§ï‡§æ‡§∞ ‡§¨‡§®‡•Ä ‡§§‡•ã 13 ‡§Æ‡§π‡•Ä‡§®‡•á ‡§Æ‡•á‡§Ç ‡§ó‡§æ‡§Ç‡§µ-‡§ó‡§æ‡§Ç‡§µ ‡§Æ‡•á‡§Ç ‡§¨‡§ø‡§ú‡§≤‡•Ä: ‡§∏‡•Å‡§∂‡•Ä‡§≤ ‡§Æ‡•ã‡§¶‡•Ä https://t.co/oWbvRXeoCo #Lalu ji Lalten denge"
"447",-1,"Who hav doubts abt track record of corruptn agst both #Lalu &amp; #Sonia..&amp; vat is track record of #Nitishji..from Lalu to BJP &amp; back 2Lalu+Cong"
"448",0,"@NitishKumar @gsurya ..this is set pattern of all pseudo-socialists--#Cong, #SP, #Nitish #Lalu &amp; #Mamta in pursuit of their Power Ambitions"
"449",0,"many
starting from
#RaGa 
#Lalu 
#Maya 
#Sushma 
#Jaya 
#Nirma 
Washing Powder Nirma . . . https://t.co/WpvntcOMAr"
"450",0,"@NitishKumar @gsurya Had #Lalu 20yr ,#Nitish 10yr &amp; #Sonia 65yr really worked on devlpmnt issues like Reservation would have become obsolete"
"451",0,"#India #PM #Modi #BihariWithModi #AccheDin #NDA #BJP #Bihar #BiharPolls #RSS #Patna #Lalu #Yadav #NitishKumar... https://t.co/ExRmbNhbSC"
"452",0,"#India #PM #Modi #BihariWithModi #AccheDin #NDA #BJP #Bihar #BiharPolls #RSS #Patna #Lalu #Yadav #NitishKumar... https://t.co/1G0sMDkY3d"
"453",0,"RT @mobilehindu: ‡§≤‡§æ‡§≤‡•Å ‡§®‡•á @AmitShah ‡§ú‡•Ä ‡§ï‡•ã ‡§®‡§∞‡§≠‡§ï‡•ç‡§∑‡•Ä ‡§¨‡•ã‡§≤‡§æ‡•§ ‡§ï‡•ã‡§à #presstitutes ‡§≠‡•å‡§ï‡§æ‡•§ ‡§®‡§π‡•Ä‡•§ ‡§∏‡§æ‡§ß‡•ç‡§µ‡•Ä ‡§®‡•á ‡§è‡§ï ‡§¨‡§æ‡§∞ ‡§π‡§∞‡§æ‡§Æ‡§ú‡•ç‡§Ø‡§æ‡§¶‡§æ ‡§¨‡•ã‡§≤‡§æ ‡§§‡•ã ‡§∏‡§Ç‡§∏‡§¶ ‡§¨‡§Ç‡§¶ ‡§ï‡§∞ ‡§¶‡§ø‡§Ø‡§æ‡•§ #‚Ä¶"
"454",0,"@ibnlive chal budbak #lalu"
"455",0,"‡§≤‡§æ‡§≤‡•Å ‡§®‡•á @AmitShah ‡§ú‡•Ä ‡§ï‡•ã ‡§®‡§∞‡§≠‡§ï‡•ç‡§∑‡•Ä ‡§¨‡•ã‡§≤‡§æ‡•§ ‡§ï‡•ã‡§à #presstitutes ‡§≠‡•å‡§ï‡§æ‡•§ ‡§®‡§π‡•Ä‡•§ ‡§∏‡§æ‡§ß‡•ç‡§µ‡•Ä ‡§®‡•á ‡§è‡§ï ‡§¨‡§æ‡§∞ ‡§π‡§∞‡§æ‡§Æ‡§ú‡•ç‡§Ø‡§æ‡§¶‡§æ ‡§¨‡•ã‡§≤‡§æ ‡§§‡•ã ‡§∏‡§Ç‡§∏‡§¶ ‡§¨‡§Ç‡§¶ ‡§ï‡§∞ ‡§¶‡§ø‡§Ø‡§æ‡•§ #lalu"
"456",0,"@HITESHDAGAR @TimesNow 
#HUM Jitan Ram party is fighting for NDA on this constituency.  #Hathua used to be favorite place fr #Lalu #VoteBJP"
"457",0,"@NewsWorldIN ‡§™‡§∞ ‡§Ü‡§ú ‡§∂‡§æ‡§Æ 6:30 ‡§¨‡§ú‡•á ‡§¶‡•á‡§ñ‡§ø‡§Ø‡•á ""‡§®‡•ç‡§Ø‡•Ç‡§ú‡§º ‡§ï‡§æ ‡§™‡•ã‡§∏‡•ç‡§ü‡•ç‡§Æ‡•ã‡§∞‡•ç‡§ü‡§Æ"" , ‡§ñ‡§º‡§¨‡§∞‡•ã‡§Ç ‡§ï‡•ã ‡§¶‡•á‡§ñ‡§ø‡§è ‡§Ö‡§≤‡§ó ‡§Ö‡§®‡•ç‡§¶‡§æ‡§ú‡§º ‡§Æ‡•á‡§Ç.
#FunnyNews #comedy #BiharElections #lalu"
"458",0,"@narendramodi #Lalu
PM ‡§Æ‡•ã‡§¶‡•Ä ‡§®‡•á 84 ‡§∏‡•à‡§ï‡•á‡§Ç‡§° ‡§Æ‡•á‡§Ç ‡§ó‡§ø‡§®‡§æ ‡§¶‡§ø‡§è ‡§≤‡§æ‡§≤‡•Ç-‡§®‡•Ä‡§§‡•Ä‡§∂ ‡§ï‡•á 33 ‡§ò‡•ã‡§ü‡§æ‡§≤‡•á
https://t.co/uEIsjHu2EW https://t.co/vSB6rAuflj"
"459",0,"RT @punjabkesari: #Bihar #BiharPolls #BiharElections #BJP #AmitShah #Modi #Lalu
#Cartoon of the day https://t.co/N3abU8Z0UT"
"460",0,"#Bihar #BiharPolls #BiharElections #BJP #AmitShah #Modi #Lalu
#Cartoon of the day https://t.co/ulYWlvUXlw https://t.co/dVV5CPNqcZ"
"461",0,"#Bihar #BiharPolls #BiharElections #BJP #AmitShah #Modi #Lalu
#Cartoon of the day https://t.co/nwQmMVWwuP"
"462",0,"RT @punjabkesari: #Bihar #BiharPolls #BiharElections #BJP #AmitShah #Modi #Lalu
#Cartoon of the day https://t.co/N3abU8Z0UT"
"463",-1,"RT @ganeshmahnar: Scams done by #Lalu-Nitish misrule In #Bihar
PM #Narendra Modi counted 33 #Ghotal in 86 seconds
https://t.co/SpIMdaDk74"
"464",0,"RT @HPkesari: #Bihar #BiharPolls #BiharElections #BJP #AmitShah #Modi #Lalu
#Cartoon of the day https://t.co/YTAU432QnT"
"465",0,"#Bihar #BiharPolls #BiharElections #BJP #AmitShah #Modi #Lalu
#Cartoon of the day https://t.co/gipzmqUk5f"
"466",0,"#Bihar #BiharPolls #BiharElections #BJP #AmitShah #Modi #Lalu
#Cartoon of the day https://t.co/YTAU432QnT"
"467",0,"#Bihar #BiharPolls #BiharElections #BJP #AmitShah #Modi #Lalu
#Cartoon of the day https://t.co/UDKi1eXmTm"
"468",0,"#Bihar #BiharPolls #BiharElections #BJP #AmitShah #Modi #Lalu
#Cartoon of the day https://t.co/N3abU8Z0UT"
"469",0,"#Bihar #BiharPolls #BiharElections #BJP #AmitShah #Modi #Lalu
#Cartoon of the day https://t.co/N1XQl04DiL"
"470",0,"#Bihar #BiharPolls #BiharElections #BJP #AmitShah #Modi #Lalu
#Cartoon of the day https://t.co/GlIPH3b2QJ"
"471",0,"#Bihar #BiharPolls #BiharElections #BJP #AmitShah #Modi #Lalu
#Cartoon of the day https://t.co/VVycTahNGG"
"472",3,"RT @mphholdings: Hats off to #NitishKumar for being cool like cucumber, has shown the depth &amp; maturity of Hindi Belt Politician, he is in w‚Ä¶"
"473",3,"RT @mphholdings: Hats off to #NitishKumar for being cool like cucumber, has shown the depth &amp; maturity of Hindi Belt Politician, he is in w‚Ä¶"
"474",-1,"Don't think #Yadav of #Bihar will rally against #comedian #lalu and his immature sons, just having Yadav surname #BiharElections #BiharPolls"
"475",0,"RT @karthikthiru: @ibnlive ok chew fodder #lalu"
"476",-1,"RT @ganeshmahnar: Scams done by #Lalu-Nitish misrule In #Bihar
PM #Narendra Modi counted 33 #Ghotal in 86 seconds
https://t.co/SpIMdaDk74"
"477",-1,"RT @Rocking_Virat: RT https://t.co/VpeF8N4pup ganeshmahnar: Scams done by #Lalu-Nitish misrule In #Bihar
PM #Narendra Modi counted 3‚Ä¶ https‚Ä¶"
"478",-1,"RT @Rocking_Virat: RT https://t.co/VpeF8N4pup ganeshmahnar: Scams done by #Lalu-Nitish misrule In #Bihar
PM #Narendra Modi counted 3‚Ä¶ https‚Ä¶"
"479",-1,"RT https://t.co/VpeF8N4pup ganeshmahnar: Scams done by #Lalu-Nitish misrule In #Bihar
PM #Narendra Modi counted 3‚Ä¶ https://t.co/3NAjtlotF5"
"480",0,"‡§≠‡§æ‡§ú‡§™‡§æ ‡§ï‡•á ‡§¶‡•ã ‡§µ‡§ø‡§ú‡•ç‡§û‡§æ‡§™‡§®‡•ã‡§Ç ‡§™‡§∞ ‡§∞‡•ã‡§ï, ‡§≤‡§æ‡§≤‡•Ç ‡§™‡§∞ ‡§Æ‡§æ‡§Æ‡§≤‡§æ ‡§¶‡§∞‡•ç‡§ú ‡§ï‡§∞‡§®‡•á ‡§ï‡§æ ‡§®‡§ø‡§∞‡•ç‡§¶‡•á‡§∂ #BJP #lalu #politics @WMI_Hindi"
"481",-1,"Scams done by #Lalu-Nitish misrule In #Bihar
PM #Narendra Modi counted 33 #Ghotal in 86 seconds
https://t.co/SpIMdaDk74"
"482",0,"@EdCaastro Chefe √© chefe n√© pai Ì†ºÌæ∂Ì†ºÌΩ∏Ì†ºÌΩπÌ†ºÌΩ∑
#Lalu https://t.co/Oo3SZiazfw"
"483",0,"Santa Banta jokes to be Banned...lets now switch to #lalu n #Niku @RoflGandhi_ @KyaUkhaadLega @pr_akash_raj"
"484",-1,"RT @AmareshMisraFC: #Amit Shah Has Gone #Mad: #lalu Yadav https://t.co/tBolru8yTF @SuperpariR @alamgirizvi @shailjohn7"
"485",-1,"RT @AmareshMisraFC: #Amit Shah Has Gone #Mad: #lalu Yadav https://t.co/tBolru8yTF @shailjohn7 @alamgirizvi @SuperpariR"
"486",3,"RT @mphholdings: Hats off to #NitishKumar for being cool like cucumber, has shown the depth &amp; maturity of Hindi Belt Politician, he is in w‚Ä¶"
"487",2,"Hats off to #NitishKumar for being cool like cucumber, has shown the depth &amp; maturity of Hindi Belt Politician, he is in wrong co of #Lalu"
"488",1,"RT @chhichhaledar: Well #Lalu uses BB instead of BC...

BB = Budbak...
@1sInto2s"
"489",1,"Well #Lalu uses BB instead of BC...

BB = Budbak...
@1sInto2s"
"490",-1,"RT @AmareshMisraFC: #Amit Shah Has Gone #Mad: #lalu Yadav https://t.co/tBolru8yTF @anchan_shaila @maulinshah9 @gops333 @M_S_A09 @kk00000000‚Ä¶"
"491",-1,"#Amit Shah Has Gone #Mad: #lalu Yadav https://t.co/tBolru8yTF @manoj2367 @gops333 @geetv79 @panjabgurjjar @sujan9799077831 @GauravPandhi"
"492",-1,"#Amit Shah Has Gone #Mad: #lalu Yadav https://t.co/tBolru8yTF @office0ffRG @RAJKUMARINDIA1"
"493",-1,"#Amit Shah Has Gone #Mad: #lalu Yadav https://t.co/tBolru8yTF @sunny_congress @OfficeOfRG @INCIndia @Sharmistha_GK @NayakRagini @IYC"
"494",-1,"#Amit Shah Has Gone #Mad: #lalu Yadav https://t.co/tBolru8yTF @manoj2367 @s_szama"
"495",-1,"#Amit Shah Has Gone #Mad: #lalu Yadav https://t.co/tBolru8yTF @Ajitkumar_Kanan @iamsmithaa"
"496",-1,"#Amit Shah Has Gone #Mad: #lalu Yadav https://t.co/tBolru8yTF @Naveennsui @RAJKUMARINDIA1"
"497",-1,"#Amit Shah Has Gone #Mad: #lalu Yadav https://t.co/tBolru8yTF @jawaharshivkish @gops333 @aawara_aatma @tanveer1729 @pakau_ji @kauserseema"
"498",-1,"#Amit Shah Has Gone #Mad: #lalu Yadav https://t.co/tBolru8yTF @sang1983 @nistula @bld4needy @Raktabhaa"
"499",-1,"RT @AmareshMisraFC: #Amit Shah Has Gone #Mad: #lalu Yadav https://t.co/tBolru8yTF @anchan_shaila @maulinshah9 @gops333 @M_S_A09 @kk00000000‚Ä¶"
"500",-1,"#Amit Shah Has Gone #Mad: #lalu Yadav https://t.co/tBolru8yTF @alamgirizvi"
